,epsilon,rho,alfa,Eta_re,Eta_ce,Gamma_re,Gamma_ce,Nu_re,Nu_ce,k_re,k_ce,labor_growth_N,labor_growth_S,lambda_S,sigma_utility,size_factor,β_T,CO2_base,CO2_Disaster,qsi,δ_S,S_0,Yre_N_0,Yce_N_0,Yre_S_0,Yce_S_0,region
0,3.0,0.001,0.33,0.02,0.02,0.25,0.25,0.02,0.02,0,0,0,0,0.1443,2,4,3.504844593336377,376.0095398527189,3685.529031718468,0.0988532482904189,0.00312313865383178,2128.9477370947334,10.7139,39.9564,5.54137,83.70293000000001,asia
1,3.777777778,0.001,0.33,0.02,0.02,0.25,0.25,0.02,0.02,0,0,0,0,0.1443,2,4,3.504844593336377,376.0095398527189,3685.529031718468,0.0988532482904189,0.00312313865383178,2128.9477370947334,10.7139,39.9564,5.54137,83.70293000000001,asia
2,4.555555556,0.001,0.33,0.02,0.02,0.25,0.25,0.02,0.02,0,0,0,0,0.1443,2,4,3.504844593336377,376.0095398527189,3685.529031718468,0.0988532482904189,0.00312313865383178,2128.9477370947334,10.7139,39.9564,5.54137,83.70293000000001,asia
3,5.333333333,0.001,0.33,0.02,0.02,0.25,0.25,0.02,0.02,0,0,0,0,0.1443,2,4,3.504844593336377,376.0095398527189,3685.529031718468,0.0988532482904189,0.00312313865383178,2128.9477370947334,10.7139,39.9564,5.54137,83.70293000000001,asia
4,6.1111111110000005,0.001,0.33,0.02,0.02,0.25,0.25,0.02,0.02,0,0,0,0,0.1443,2,4,3.504844593336377,376.0095398527189,3685.529031718468,0.0988532482904189,0.00312313865383178,2128.9477370947334,10.7139,39.9564,5.54137,83.70293000000001,asia
5,6.888888889,0.001,0.33,0.02,0.02,0.25,0.25,0.02,0.02,0,0,0,0,0.1443,2,4,3.504844593336377,376.0095398527189,3685.529031718468,0.0988532482904189,0.00312313865383178,2128.9477370947334,10.7139,39.9564,5.54137,83.70293000000001,asia
6,7.666666667,0.001,0.33,0.02,0.02,0.25,0.25,0.02,0.02,0,0,0,0,0.1443,2,4,3.504844593336377,376.0095398527189,3685.529031718468,0.0988532482904189,0.00312313865383178,2128.9477370947334,10.7139,39.9564,5.54137,83.70293000000001,asia
7,8.444444444,0.001,0.33,0.02,0.02,0.25,0.25,0.02,0.02,0,0,0,0,0.1443,2,4,3.504844593336377,376.0095398527189,3685.529031718468,0.0988532482904189,0.00312313865383178,2128.9477370947334,10.7139,39.9564,5.54137,83.70293000000001,asia
8,9.222222222000001,0.001,0.33,0.02,0.02,0.25,0.25,0.02,0.02,0,0,0,0,0.1443,2,4,3.504844593336377,376.0095398527189,3685.529031718468,0.0988532482904189,0.00312313865383178,2128.9477370947334,10.7139,39.9564,5.54137,83.70293000000001,asia
9,10.0,0.001,0.33,0.02,0.02,0.25,0.25,0.02,0.02,0,0,0,0,0.1443,2,4,3.504844593336377,376.0095398527189,3685.529031718468,0.0988532482904189,0.00312313865383178,2128.9477370947334,10.7139,39.9564,5.54137,83.70293000000001,asia
10,3.0,0.0045,0.33,0.02,0.02,0.25,0.25,0.02,0.02,0,0,0,0,0.1443,2,4,3.504844593336377,376.0095398527189,3685.529031718468,0.0988532482904189,0.00312313865383178,2128.9477370947334,10.7139,39.9564,5.54137,83.70293000000001,asia
11,3.777777778,0.0045,0.33,0.02,0.02,0.25,0.25,0.02,0.02,0,0,0,0,0.1443,2,4,3.504844593336377,376.0095398527189,3685.529031718468,0.0988532482904189,0.00312313865383178,2128.9477370947334,10.7139,39.9564,5.54137,83.70293000000001,asia
12,4.555555556,0.0045,0.33,0.02,0.02,0.25,0.25,0.02,0.02,0,0,0,0,0.1443,2,4,3.504844593336377,376.0095398527189,3685.529031718468,0.0988532482904189,0.00312313865383178,2128.9477370947334,10.7139,39.9564,5.54137,83.70293000000001,asia
13,5.333333333,0.0045,0.33,0.02,0.02,0.25,0.25,0.02,0.02,0,0,0,0,0.1443,2,4,3.504844593336377,376.0095398527189,3685.529031718468,0.0988532482904189,0.00312313865383178,2128.9477370947334,10.7139,39.9564,5.54137,83.70293000000001,asia
14,6.1111111110000005,0.0045,0.33,0.02,0.02,0.25,0.25,0.02,0.02,0,0,0,0,0.1443,2,4,3.504844593336377,376.0095398527189,3685.529031718468,0.0988532482904189,0.00312313865383178,2128.9477370947334,10.7139,39.9564,5.54137,83.70293000000001,asia
15,6.888888889,0.0045,0.33,0.02,0.02,0.25,0.25,0.02,0.02,0,0,0,0,0.1443,2,4,3.504844593336377,376.0095398527189,3685.529031718468,0.0988532482904189,0.00312313865383178,2128.9477370947334,10.7139,39.9564,5.54137,83.70293000000001,asia
16,7.666666667,0.0045,0.33,0.02,0.02,0.25,0.25,0.02,0.02,0,0,0,0,0.1443,2,4,3.504844593336377,376.0095398527189,3685.529031718468,0.0988532482904189,0.00312313865383178,2128.9477370947334,10.7139,39.9564,5.54137,83.70293000000001,asia
17,8.444444444,0.0045,0.33,0.02,0.02,0.25,0.25,0.02,0.02,0,0,0,0,0.1443,2,4,3.504844593336377,376.0095398527189,3685.529031718468,0.0988532482904189,0.00312313865383178,2128.9477370947334,10.7139,39.9564,5.54137,83.70293000000001,asia
18,9.222222222000001,0.0045,0.33,0.02,0.02,0.25,0.25,0.02,0.02,0,0,0,0,0.1443,2,4,3.504844593336377,376.0095398527189,3685.529031718468,0.0988532482904189,0.00312313865383178,2128.9477370947334,10.7139,39.9564,5.54137,83.70293000000001,asia
19,10.0,0.0045,0.33,0.02,0.02,0.25,0.25,0.02,0.02,0,0,0,0,0.1443,2,4,3.504844593336377,376.0095398527189,3685.529031718468,0.0988532482904189,0.00312313865383178,2128.9477370947334,10.7139,39.9564,5.54137,83.70293000000001,asia
20,3.0,0.008,0.33,0.02,0.02,0.25,0.25,0.02,0.02,0,0,0,0,0.1443,2,4,3.504844593336377,376.0095398527189,3685.529031718468,0.0988532482904189,0.00312313865383178,2128.9477370947334,10.7139,39.9564,5.54137,83.70293000000001,asia
21,3.777777778,0.008,0.33,0.02,0.02,0.25,0.25,0.02,0.02,0,0,0,0,0.1443,2,4,3.504844593336377,376.0095398527189,3685.529031718468,0.0988532482904189,0.00312313865383178,2128.9477370947334,10.7139,39.9564,5.54137,83.70293000000001,asia
22,4.555555556,0.008,0.33,0.02,0.02,0.25,0.25,0.02,0.02,0,0,0,0,0.1443,2,4,3.504844593336377,376.0095398527189,3685.529031718468,0.0988532482904189,0.00312313865383178,2128.9477370947334,10.7139,39.9564,5.54137,83.70293000000001,asia
23,5.333333333,0.008,0.33,0.02,0.02,0.25,0.25,0.02,0.02,0,0,0,0,0.1443,2,4,3.504844593336377,376.0095398527189,3685.529031718468,0.0988532482904189,0.00312313865383178,2128.9477370947334,10.7139,39.9564,5.54137,83.70293000000001,asia
24,6.1111111110000005,0.008,0.33,0.02,0.02,0.25,0.25,0.02,0.02,0,0,0,0,0.1443,2,4,3.504844593336377,376.0095398527189,3685.529031718468,0.0988532482904189,0.00312313865383178,2128.9477370947334,10.7139,39.9564,5.54137,83.70293000000001,asia
25,6.888888889,0.008,0.33,0.02,0.02,0.25,0.25,0.02,0.02,0,0,0,0,0.1443,2,4,3.504844593336377,376.0095398527189,3685.529031718468,0.0988532482904189,0.00312313865383178,2128.9477370947334,10.7139,39.9564,5.54137,83.70293000000001,asia
26,7.666666667,0.008,0.33,0.02,0.02,0.25,0.25,0.02,0.02,0,0,0,0,0.1443,2,4,3.504844593336377,376.0095398527189,3685.529031718468,0.0988532482904189,0.00312313865383178,2128.9477370947334,10.7139,39.9564,5.54137,83.70293000000001,asia
27,8.444444444,0.008,0.33,0.02,0.02,0.25,0.25,0.02,0.02,0,0,0,0,0.1443,2,4,3.504844593336377,376.0095398527189,3685.529031718468,0.0988532482904189,0.00312313865383178,2128.9477370947334,10.7139,39.9564,5.54137,83.70293000000001,asia
28,9.222222222000001,0.008,0.33,0.02,0.02,0.25,0.25,0.02,0.02,0,0,0,0,0.1443,2,4,3.504844593336377,376.0095398527189,3685.529031718468,0.0988532482904189,0.00312313865383178,2128.9477370947334,10.7139,39.9564,5.54137,83.70293000000001,asia
29,10.0,0.008,0.33,0.02,0.02,0.25,0.25,0.02,0.02,0,0,0,0,0.1443,2,4,3.504844593336377,376.0095398527189,3685.529031718468,0.0988532482904189,0.00312313865383178,2128.9477370947334,10.7139,39.9564,5.54137,83.70293000000001,asia
30,3.0,0.0115,0.33,0.02,0.02,0.25,0.25,0.02,0.02,0,0,0,0,0.1443,2,4,3.504844593336377,376.0095398527189,3685.529031718468,0.0988532482904189,0.00312313865383178,2128.9477370947334,10.7139,39.9564,5.54137,83.70293000000001,asia
31,3.777777778,0.0115,0.33,0.02,0.02,0.25,0.25,0.02,0.02,0,0,0,0,0.1443,2,4,3.504844593336377,376.0095398527189,3685.529031718468,0.0988532482904189,0.00312313865383178,2128.9477370947334,10.7139,39.9564,5.54137,83.70293000000001,asia
32,4.555555556,0.0115,0.33,0.02,0.02,0.25,0.25,0.02,0.02,0,0,0,0,0.1443,2,4,3.504844593336377,376.0095398527189,3685.529031718468,0.0988532482904189,0.00312313865383178,2128.9477370947334,10.7139,39.9564,5.54137,83.70293000000001,asia
33,5.333333333,0.0115,0.33,0.02,0.02,0.25,0.25,0.02,0.02,0,0,0,0,0.1443,2,4,3.504844593336377,376.0095398527189,3685.529031718468,0.0988532482904189,0.00312313865383178,2128.9477370947334,10.7139,39.9564,5.54137,83.70293000000001,asia
34,6.1111111110000005,0.0115,0.33,0.02,0.02,0.25,0.25,0.02,0.02,0,0,0,0,0.1443,2,4,3.504844593336377,376.0095398527189,3685.529031718468,0.0988532482904189,0.00312313865383178,2128.9477370947334,10.7139,39.9564,5.54137,83.70293000000001,asia
35,6.888888889,0.0115,0.33,0.02,0.02,0.25,0.25,0.02,0.02,0,0,0,0,0.1443,2,4,3.504844593336377,376.0095398527189,3685.529031718468,0.0988532482904189,0.00312313865383178,2128.9477370947334,10.7139,39.9564,5.54137,83.70293000000001,asia
36,7.666666667,0.0115,0.33,0.02,0.02,0.25,0.25,0.02,0.02,0,0,0,0,0.1443,2,4,3.504844593336377,376.0095398527189,3685.529031718468,0.0988532482904189,0.00312313865383178,2128.9477370947334,10.7139,39.9564,5.54137,83.70293000000001,asia
37,8.444444444,0.0115,0.33,0.02,0.02,0.25,0.25,0.02,0.02,0,0,0,0,0.1443,2,4,3.504844593336377,376.0095398527189,3685.529031718468,0.0988532482904189,0.00312313865383178,2128.9477370947334,10.7139,39.9564,5.54137,83.70293000000001,asia
38,9.222222222000001,0.0115,0.33,0.02,0.02,0.25,0.25,0.02,0.02,0,0,0,0,0.1443,2,4,3.504844593336377,376.0095398527189,3685.529031718468,0.0988532482904189,0.00312313865383178,2128.9477370947334,10.7139,39.9564,5.54137,83.70293000000001,asia
39,10.0,0.0115,0.33,0.02,0.02,0.25,0.25,0.02,0.02,0,0,0,0,0.1443,2,4,3.504844593336377,376.0095398527189,3685.529031718468,0.0988532482904189,0.00312313865383178,2128.9477370947334,10.7139,39.9564,5.54137,83.70293000000001,asia
40,3.0,0.015,0.33,0.02,0.02,0.25,0.25,0.02,0.02,0,0,0,0,0.1443,2,4,3.504844593336377,376.0095398527189,3685.529031718468,0.0988532482904189,0.00312313865383178,2128.9477370947334,10.7139,39.9564,5.54137,83.70293000000001,asia
41,3.777777778,0.015,0.33,0.02,0.02,0.25,0.25,0.02,0.02,0,0,0,0,0.1443,2,4,3.504844593336377,376.0095398527189,3685.529031718468,0.0988532482904189,0.00312313865383178,2128.9477370947334,10.7139,39.9564,5.54137,83.70293000000001,asia
42,4.555555556,0.015,0.33,0.02,0.02,0.25,0.25,0.02,0.02,0,0,0,0,0.1443,2,4,3.504844593336377,376.0095398527189,3685.529031718468,0.0988532482904189,0.00312313865383178,2128.9477370947334,10.7139,39.9564,5.54137,83.70293000000001,asia
43,5.333333333,0.015,0.33,0.02,0.02,0.25,0.25,0.02,0.02,0,0,0,0,0.1443,2,4,3.504844593336377,376.0095398527189,3685.529031718468,0.0988532482904189,0.00312313865383178,2128.9477370947334,10.7139,39.9564,5.54137,83.70293000000001,asia
44,6.1111111110000005,0.015,0.33,0.02,0.02,0.25,0.25,0.02,0.02,0,0,0,0,0.1443,2,4,3.504844593336377,376.0095398527189,3685.529031718468,0.0988532482904189,0.00312313865383178,2128.9477370947334,10.7139,39.9564,5.54137,83.70293000000001,asia
45,6.888888889,0.015,0.33,0.02,0.02,0.25,0.25,0.02,0.02,0,0,0,0,0.1443,2,4,3.504844593336377,376.0095398527189,3685.529031718468,0.0988532482904189,0.00312313865383178,2128.9477370947334,10.7139,39.9564,5.54137,83.70293000000001,asia
46,7.666666667,0.015,0.33,0.02,0.02,0.25,0.25,0.02,0.02,0,0,0,0,0.1443,2,4,3.504844593336377,376.0095398527189,3685.529031718468,0.0988532482904189,0.00312313865383178,2128.9477370947334,10.7139,39.9564,5.54137,83.70293000000001,asia
47,8.444444444,0.015,0.33,0.02,0.02,0.25,0.25,0.02,0.02,0,0,0,0,0.1443,2,4,3.504844593336377,376.0095398527189,3685.529031718468,0.0988532482904189,0.00312313865383178,2128.9477370947334,10.7139,39.9564,5.54137,83.70293000000001,asia
48,9.222222222000001,0.015,0.33,0.02,0.02,0.25,0.25,0.02,0.02,0,0,0,0,0.1443,2,4,3.504844593336377,376.0095398527189,3685.529031718468,0.0988532482904189,0.00312313865383178,2128.9477370947334,10.7139,39.9564,5.54137,83.70293000000001,asia
49,10.0,0.015,0.33,0.02,0.02,0.25,0.25,0.02,0.02,0,0,0,0,0.1443,2,4,3.504844593336377,376.0095398527189,3685.529031718468,0.0988532482904189,0.00312313865383178,2128.9477370947334,10.7139,39.9564,5.54137,83.70293000000001,asia
50,3.0,0.001,0.33,0.02,0.02,0.25,0.25,0.02,0.02,0,0,0,0,0.1443,2,4,3.504844593336377,376.0095398527189,3685.529031718468,0.0988532482904189,0.00312313865383178,2128.9477370947334,10.7139,39.9564,5.54137,83.70293000000001,asia
51,3.777777778,0.001,0.33,0.02,0.02,0.25,0.25,0.02,0.02,0,0,0,0,0.1443,2,4,3.504844593336377,376.0095398527189,3685.529031718468,0.0988532482904189,0.00312313865383178,2128.9477370947334,10.7139,39.9564,5.54137,83.70293000000001,asia
52,4.555555556,0.001,0.33,0.02,0.02,0.25,0.25,0.02,0.02,0,0,0,0,0.1443,2,4,3.504844593336377,376.0095398527189,3685.529031718468,0.0988532482904189,0.00312313865383178,2128.9477370947334,10.7139,39.9564,5.54137,83.70293000000001,asia
53,5.333333333,0.001,0.33,0.02,0.02,0.25,0.25,0.02,0.02,0,0,0,0,0.1443,2,4,3.504844593336377,376.0095398527189,3685.529031718468,0.0988532482904189,0.00312313865383178,2128.9477370947334,10.7139,39.9564,5.54137,83.70293000000001,asia
54,6.1111111110000005,0.001,0.33,0.02,0.02,0.25,0.25,0.02,0.02,0,0,0,0,0.1443,2,4,3.504844593336377,376.0095398527189,3685.529031718468,0.0988532482904189,0.00312313865383178,2128.9477370947334,10.7139,39.9564,5.54137,83.70293000000001,asia
55,6.888888889,0.001,0.33,0.02,0.02,0.25,0.25,0.02,0.02,0,0,0,0,0.1443,2,4,3.504844593336377,376.0095398527189,3685.529031718468,0.0988532482904189,0.00312313865383178,2128.9477370947334,10.7139,39.9564,5.54137,83.70293000000001,asia
56,7.666666667,0.001,0.33,0.02,0.02,0.25,0.25,0.02,0.02,0,0,0,0,0.1443,2,4,3.504844593336377,376.0095398527189,3685.529031718468,0.0988532482904189,0.00312313865383178,2128.9477370947334,10.7139,39.9564,5.54137,83.70293000000001,asia
57,8.444444444,0.001,0.33,0.02,0.02,0.25,0.25,0.02,0.02,0,0,0,0,0.1443,2,4,3.504844593336377,376.0095398527189,3685.529031718468,0.0988532482904189,0.00312313865383178,2128.9477370947334,10.7139,39.9564,5.54137,83.70293000000001,asia
58,9.222222222000001,0.001,0.33,0.02,0.02,0.25,0.25,0.02,0.02,0,0,0,0,0.1443,2,4,3.504844593336377,376.0095398527189,3685.529031718468,0.0988532482904189,0.00312313865383178,2128.9477370947334,10.7139,39.9564,5.54137,83.70293000000001,asia
59,10.0,0.001,0.33,0.02,0.02,0.25,0.25,0.02,0.02,0,0,0,0,0.1443,2,4,3.504844593336377,376.0095398527189,3685.529031718468,0.0988532482904189,0.00312313865383178,2128.9477370947334,10.7139,39.9564,5.54137,83.70293000000001,asia
60,3.0,0.0045,0.33,0.02,0.02,0.25,0.25,0.02,0.02,0,0,0,0,0.1443,2,4,3.504844593336377,376.0095398527189,3685.529031718468,0.0988532482904189,0.00312313865383178,2128.9477370947334,10.7139,39.9564,5.54137,83.70293000000001,asia
61,3.777777778,0.0045,0.33,0.02,0.02,0.25,0.25,0.02,0.02,0,0,0,0,0.1443,2,4,3.504844593336377,376.0095398527189,3685.529031718468,0.0988532482904189,0.00312313865383178,2128.9477370947334,10.7139,39.9564,5.54137,83.70293000000001,asia
62,4.555555556,0.0045,0.33,0.02,0.02,0.25,0.25,0.02,0.02,0,0,0,0,0.1443,2,4,3.504844593336377,376.0095398527189,3685.529031718468,0.0988532482904189,0.00312313865383178,2128.9477370947334,10.7139,39.9564,5.54137,83.70293000000001,asia
63,5.333333333,0.0045,0.33,0.02,0.02,0.25,0.25,0.02,0.02,0,0,0,0,0.1443,2,4,3.504844593336377,376.0095398527189,3685.529031718468,0.0988532482904189,0.00312313865383178,2128.9477370947334,10.7139,39.9564,5.54137,83.70293000000001,asia
64,6.1111111110000005,0.0045,0.33,0.02,0.02,0.25,0.25,0.02,0.02,0,0,0,0,0.1443,2,4,3.504844593336377,376.0095398527189,3685.529031718468,0.0988532482904189,0.00312313865383178,2128.9477370947334,10.7139,39.9564,5.54137,83.70293000000001,asia
65,6.888888889,0.0045,0.33,0.02,0.02,0.25,0.25,0.02,0.02,0,0,0,0,0.1443,2,4,3.504844593336377,376.0095398527189,3685.529031718468,0.0988532482904189,0.00312313865383178,2128.9477370947334,10.7139,39.9564,5.54137,83.70293000000001,asia
66,7.666666667,0.0045,0.33,0.02,0.02,0.25,0.25,0.02,0.02,0,0,0,0,0.1443,2,4,3.504844593336377,376.0095398527189,3685.529031718468,0.0988532482904189,0.00312313865383178,2128.9477370947334,10.7139,39.9564,5.54137,83.70293000000001,asia
67,8.444444444,0.0045,0.33,0.02,0.02,0.25,0.25,0.02,0.02,0,0,0,0,0.1443,2,4,3.504844593336377,376.0095398527189,3685.529031718468,0.0988532482904189,0.00312313865383178,2128.9477370947334,10.7139,39.9564,5.54137,83.70293000000001,asia
68,9.222222222000001,0.0045,0.33,0.02,0.02,0.25,0.25,0.02,0.02,0,0,0,0,0.1443,2,4,3.504844593336377,376.0095398527189,3685.529031718468,0.0988532482904189,0.00312313865383178,2128.9477370947334,10.7139,39.9564,5.54137,83.70293000000001,asia
69,10.0,0.0045,0.33,0.02,0.02,0.25,0.25,0.02,0.02,0,0,0,0,0.1443,2,4,3.504844593336377,376.0095398527189,3685.529031718468,0.0988532482904189,0.00312313865383178,2128.9477370947334,10.7139,39.9564,5.54137,83.70293000000001,asia
70,3.0,0.008,0.33,0.02,0.02,0.25,0.25,0.02,0.02,0,0,0,0,0.1443,2,4,3.504844593336377,376.0095398527189,3685.529031718468,0.0988532482904189,0.00312313865383178,2128.9477370947334,10.7139,39.9564,5.54137,83.70293000000001,asia
71,3.777777778,0.008,0.33,0.02,0.02,0.25,0.25,0.02,0.02,0,0,0,0,0.1443,2,4,3.504844593336377,376.0095398527189,3685.529031718468,0.0988532482904189,0.00312313865383178,2128.9477370947334,10.7139,39.9564,5.54137,83.70293000000001,asia
72,4.555555556,0.008,0.33,0.02,0.02,0.25,0.25,0.02,0.02,0,0,0,0,0.1443,2,4,3.504844593336377,376.0095398527189,3685.529031718468,0.0988532482904189,0.00312313865383178,2128.9477370947334,10.7139,39.9564,5.54137,83.70293000000001,asia
73,5.333333333,0.008,0.33,0.02,0.02,0.25,0.25,0.02,0.02,0,0,0,0,0.1443,2,4,3.504844593336377,376.0095398527189,3685.529031718468,0.0988532482904189,0.00312313865383178,2128.9477370947334,10.7139,39.9564,5.54137,83.70293000000001,asia
74,6.1111111110000005,0.008,0.33,0.02,0.02,0.25,0.25,0.02,0.02,0,0,0,0,0.1443,2,4,3.504844593336377,376.0095398527189,3685.529031718468,0.0988532482904189,0.00312313865383178,2128.9477370947334,10.7139,39.9564,5.54137,83.70293000000001,asia
75,6.888888889,0.008,0.33,0.02,0.02,0.25,0.25,0.02,0.02,0,0,0,0,0.1443,2,4,3.504844593336377,376.0095398527189,3685.529031718468,0.0988532482904189,0.00312313865383178,2128.9477370947334,10.7139,39.9564,5.54137,83.70293000000001,asia
76,7.666666667,0.008,0.33,0.02,0.02,0.25,0.25,0.02,0.02,0,0,0,0,0.1443,2,4,3.504844593336377,376.0095398527189,3685.529031718468,0.0988532482904189,0.00312313865383178,2128.9477370947334,10.7139,39.9564,5.54137,83.70293000000001,asia
77,8.444444444,0.008,0.33,0.02,0.02,0.25,0.25,0.02,0.02,0,0,0,0,0.1443,2,4,3.504844593336377,376.0095398527189,3685.529031718468,0.0988532482904189,0.00312313865383178,2128.9477370947334,10.7139,39.9564,5.54137,83.70293000000001,asia
78,9.222222222000001,0.008,0.33,0.02,0.02,0.25,0.25,0.02,0.02,0,0,0,0,0.1443,2,4,3.504844593336377,376.0095398527189,3685.529031718468,0.0988532482904189,0.00312313865383178,2128.9477370947334,10.7139,39.9564,5.54137,83.70293000000001,asia
79,10.0,0.008,0.33,0.02,0.02,0.25,0.25,0.02,0.02,0,0,0,0,0.1443,2,4,3.504844593336377,376.0095398527189,3685.529031718468,0.0988532482904189,0.00312313865383178,2128.9477370947334,10.7139,39.9564,5.54137,83.70293000000001,asia
80,3.0,0.0115,0.33,0.02,0.02,0.25,0.25,0.02,0.02,0,0,0,0,0.1443,2,4,3.504844593336377,376.0095398527189,3685.529031718468,0.0988532482904189,0.00312313865383178,2128.9477370947334,10.7139,39.9564,5.54137,83.70293000000001,asia
81,3.777777778,0.0115,0.33,0.02,0.02,0.25,0.25,0.02,0.02,0,0,0,0,0.1443,2,4,3.504844593336377,376.0095398527189,3685.529031718468,0.0988532482904189,0.00312313865383178,2128.9477370947334,10.7139,39.9564,5.54137,83.70293000000001,asia
82,4.555555556,0.0115,0.33,0.02,0.02,0.25,0.25,0.02,0.02,0,0,0,0,0.1443,2,4,3.504844593336377,376.0095398527189,3685.529031718468,0.0988532482904189,0.00312313865383178,2128.9477370947334,10.7139,39.9564,5.54137,83.70293000000001,asia
83,5.333333333,0.0115,0.33,0.02,0.02,0.25,0.25,0.02,0.02,0,0,0,0,0.1443,2,4,3.504844593336377,376.0095398527189,3685.529031718468,0.0988532482904189,0.00312313865383178,2128.9477370947334,10.7139,39.9564,5.54137,83.70293000000001,asia
84,6.1111111110000005,0.0115,0.33,0.02,0.02,0.25,0.25,0.02,0.02,0,0,0,0,0.1443,2,4,3.504844593336377,376.0095398527189,3685.529031718468,0.0988532482904189,0.00312313865383178,2128.9477370947334,10.7139,39.9564,5.54137,83.70293000000001,asia
85,6.888888889,0.0115,0.33,0.02,0.02,0.25,0.25,0.02,0.02,0,0,0,0,0.1443,2,4,3.504844593336377,376.0095398527189,3685.529031718468,0.0988532482904189,0.00312313865383178,2128.9477370947334,10.7139,39.9564,5.54137,83.70293000000001,asia
86,7.666666667,0.0115,0.33,0.02,0.02,0.25,0.25,0.02,0.02,0,0,0,0,0.1443,2,4,3.504844593336377,376.0095398527189,3685.529031718468,0.0988532482904189,0.00312313865383178,2128.9477370947334,10.7139,39.9564,5.54137,83.70293000000001,asia
87,8.444444444,0.0115,0.33,0.02,0.02,0.25,0.25,0.02,0.02,0,0,0,0,0.1443,2,4,3.504844593336377,376.0095398527189,3685.529031718468,0.0988532482904189,0.00312313865383178,2128.9477370947334,10.7139,39.9564,5.54137,83.70293000000001,asia
88,9.222222222000001,0.0115,0.33,0.02,0.02,0.25,0.25,0.02,0.02,0,0,0,0,0.1443,2,4,3.504844593336377,376.0095398527189,3685.529031718468,0.0988532482904189,0.00312313865383178,2128.9477370947334,10.7139,39.9564,5.54137,83.70293000000001,asia
89,10.0,0.0115,0.33,0.02,0.02,0.25,0.25,0.02,0.02,0,0,0,0,0.1443,2,4,3.504844593336377,376.0095398527189,3685.529031718468,0.0988532482904189,0.00312313865383178,2128.9477370947334,10.7139,39.9564,5.54137,83.70293000000001,asia
90,3.0,0.015,0.33,0.02,0.02,0.25,0.25,0.02,0.02,0,0,0,0,0.1443,2,4,3.504844593336377,376.0095398527189,3685.529031718468,0.0988532482904189,0.00312313865383178,2128.9477370947334,10.7139,39.9564,5.54137,83.70293000000001,asia
91,3.777777778,0.015,0.33,0.02,0.02,0.25,0.25,0.02,0.02,0,0,0,0,0.1443,2,4,3.504844593336377,376.0095398527189,3685.529031718468,0.0988532482904189,0.00312313865383178,2128.9477370947334,10.7139,39.9564,5.54137,83.70293000000001,asia
92,4.555555556,0.015,0.33,0.02,0.02,0.25,0.25,0.02,0.02,0,0,0,0,0.1443,2,4,3.504844593336377,376.0095398527189,3685.529031718468,0.0988532482904189,0.00312313865383178,2128.9477370947334,10.7139,39.9564,5.54137,83.70293000000001,asia
93,5.333333333,0.015,0.33,0.02,0.02,0.25,0.25,0.02,0.02,0,0,0,0,0.1443,2,4,3.504844593336377,376.0095398527189,3685.529031718468,0.0988532482904189,0.00312313865383178,2128.9477370947334,10.7139,39.9564,5.54137,83.70293000000001,asia
94,6.1111111110000005,0.015,0.33,0.02,0.02,0.25,0.25,0.02,0.02,0,0,0,0,0.1443,2,4,3.504844593336377,376.0095398527189,3685.529031718468,0.0988532482904189,0.00312313865383178,2128.9477370947334,10.7139,39.9564,5.54137,83.70293000000001,asia
95,6.888888889,0.015,0.33,0.02,0.02,0.25,0.25,0.02,0.02,0,0,0,0,0.1443,2,4,3.504844593336377,376.0095398527189,3685.529031718468,0.0988532482904189,0.00312313865383178,2128.9477370947334,10.7139,39.9564,5.54137,83.70293000000001,asia
96,7.666666667,0.015,0.33,0.02,0.02,0.25,0.25,0.02,0.02,0,0,0,0,0.1443,2,4,3.504844593336377,376.0095398527189,3685.529031718468,0.0988532482904189,0.00312313865383178,2128.9477370947334,10.7139,39.9564,5.54137,83.70293000000001,asia
97,8.444444444,0.015,0.33,0.02,0.02,0.25,0.25,0.02,0.02,0,0,0,0,0.1443,2,4,3.504844593336377,376.0095398527189,3685.529031718468,0.0988532482904189,0.00312313865383178,2128.9477370947334,10.7139,39.9564,5.54137,83.70293000000001,asia
98,9.222222222000001,0.015,0.33,0.02,0.02,0.25,0.25,0.02,0.02,0,0,0,0,0.1443,2,4,3.504844593336377,376.0095398527189,3685.529031718468,0.0988532482904189,0.00312313865383178,2128.9477370947334,10.7139,39.9564,5.54137,83.70293000000001,asia
99,10.0,0.015,0.33,0.02,0.02,0.25,0.25,0.02,0.02,0,0,0,0,0.1443,2,4,3.504844593336377,376.0095398527189,3685.529031718468,0.0988532482904189,0.00312313865383178,2128.9477370947334,10.7139,39.9564,5.54137,83.70293000000001,asia
100,3.0,0.001,0.33,0.02,0.02,0.25,0.25,0.02,0.02,0,0,0,0,0.1443,2,4,3.504844593336377,376.0095398527189,3685.529031718468,0.0988532482904189,0.00312313865383178,2128.9477370947334,10.7139,39.9564,5.54137,83.70293000000001,asia
101,3.777777778,0.001,0.33,0.02,0.02,0.25,0.25,0.02,0.02,0,0,0,0,0.1443,2,4,3.504844593336377,376.0095398527189,3685.529031718468,0.0988532482904189,0.00312313865383178,2128.9477370947334,10.7139,39.9564,5.54137,83.70293000000001,asia
102,4.555555556,0.001,0.33,0.02,0.02,0.25,0.25,0.02,0.02,0,0,0,0,0.1443,2,4,3.504844593336377,376.0095398527189,3685.529031718468,0.0988532482904189,0.00312313865383178,2128.9477370947334,10.7139,39.9564,5.54137,83.70293000000001,asia
103,5.333333333,0.001,0.33,0.02,0.02,0.25,0.25,0.02,0.02,0,0,0,0,0.1443,2,4,3.504844593336377,376.0095398527189,3685.529031718468,0.0988532482904189,0.00312313865383178,2128.9477370947334,10.7139,39.9564,5.54137,83.70293000000001,asia
104,6.1111111110000005,0.001,0.33,0.02,0.02,0.25,0.25,0.02,0.02,0,0,0,0,0.1443,2,4,3.504844593336377,376.0095398527189,3685.529031718468,0.0988532482904189,0.00312313865383178,2128.9477370947334,10.7139,39.9564,5.54137,83.70293000000001,asia
105,6.888888889,0.001,0.33,0.02,0.02,0.25,0.25,0.02,0.02,0,0,0,0,0.1443,2,4,3.504844593336377,376.0095398527189,3685.529031718468,0.0988532482904189,0.00312313865383178,2128.9477370947334,10.7139,39.9564,5.54137,83.70293000000001,asia
106,7.666666667,0.001,0.33,0.02,0.02,0.25,0.25,0.02,0.02,0,0,0,0,0.1443,2,4,3.504844593336377,376.0095398527189,3685.529031718468,0.0988532482904189,0.00312313865383178,2128.9477370947334,10.7139,39.9564,5.54137,83.70293000000001,asia
107,8.444444444,0.001,0.33,0.02,0.02,0.25,0.25,0.02,0.02,0,0,0,0,0.1443,2,4,3.504844593336377,376.0095398527189,3685.529031718468,0.0988532482904189,0.00312313865383178,2128.9477370947334,10.7139,39.9564,5.54137,83.70293000000001,asia
108,9.222222222000001,0.001,0.33,0.02,0.02,0.25,0.25,0.02,0.02,0,0,0,0,0.1443,2,4,3.504844593336377,376.0095398527189,3685.529031718468,0.0988532482904189,0.00312313865383178,2128.9477370947334,10.7139,39.9564,5.54137,83.70293000000001,asia
109,10.0,0.001,0.33,0.02,0.02,0.25,0.25,0.02,0.02,0,0,0,0,0.1443,2,4,3.504844593336377,376.0095398527189,3685.529031718468,0.0988532482904189,0.00312313865383178,2128.9477370947334,10.7139,39.9564,5.54137,83.70293000000001,asia
110,3.0,0.0045,0.33,0.02,0.02,0.25,0.25,0.02,0.02,0,0,0,0,0.1443,2,4,3.504844593336377,376.0095398527189,3685.529031718468,0.0988532482904189,0.00312313865383178,2128.9477370947334,10.7139,39.9564,5.54137,83.70293000000001,asia
111,3.777777778,0.0045,0.33,0.02,0.02,0.25,0.25,0.02,0.02,0,0,0,0,0.1443,2,4,3.504844593336377,376.0095398527189,3685.529031718468,0.0988532482904189,0.00312313865383178,2128.9477370947334,10.7139,39.9564,5.54137,83.70293000000001,asia
112,4.555555556,0.0045,0.33,0.02,0.02,0.25,0.25,0.02,0.02,0,0,0,0,0.1443,2,4,3.504844593336377,376.0095398527189,3685.529031718468,0.0988532482904189,0.00312313865383178,2128.9477370947334,10.7139,39.9564,5.54137,83.70293000000001,asia
113,5.333333333,0.0045,0.33,0.02,0.02,0.25,0.25,0.02,0.02,0,0,0,0,0.1443,2,4,3.504844593336377,376.0095398527189,3685.529031718468,0.0988532482904189,0.00312313865383178,2128.9477370947334,10.7139,39.9564,5.54137,83.70293000000001,asia
114,6.1111111110000005,0.0045,0.33,0.02,0.02,0.25,0.25,0.02,0.02,0,0,0,0,0.1443,2,4,3.504844593336377,376.0095398527189,3685.529031718468,0.0988532482904189,0.00312313865383178,2128.9477370947334,10.7139,39.9564,5.54137,83.70293000000001,asia
115,6.888888889,0.0045,0.33,0.02,0.02,0.25,0.25,0.02,0.02,0,0,0,0,0.1443,2,4,3.504844593336377,376.0095398527189,3685.529031718468,0.0988532482904189,0.00312313865383178,2128.9477370947334,10.7139,39.9564,5.54137,83.70293000000001,asia
116,7.666666667,0.0045,0.33,0.02,0.02,0.25,0.25,0.02,0.02,0,0,0,0,0.1443,2,4,3.504844593336377,376.0095398527189,3685.529031718468,0.0988532482904189,0.00312313865383178,2128.9477370947334,10.7139,39.9564,5.54137,83.70293000000001,asia
117,8.444444444,0.0045,0.33,0.02,0.02,0.25,0.25,0.02,0.02,0,0,0,0,0.1443,2,4,3.504844593336377,376.0095398527189,3685.529031718468,0.0988532482904189,0.00312313865383178,2128.9477370947334,10.7139,39.9564,5.54137,83.70293000000001,asia
118,9.222222222000001,0.0045,0.33,0.02,0.02,0.25,0.25,0.02,0.02,0,0,0,0,0.1443,2,4,3.504844593336377,376.0095398527189,3685.529031718468,0.0988532482904189,0.00312313865383178,2128.9477370947334,10.7139,39.9564,5.54137,83.70293000000001,asia
119,10.0,0.0045,0.33,0.02,0.02,0.25,0.25,0.02,0.02,0,0,0,0,0.1443,2,4,3.504844593336377,376.0095398527189,3685.529031718468,0.0988532482904189,0.00312313865383178,2128.9477370947334,10.7139,39.9564,5.54137,83.70293000000001,asia
120,3.0,0.008,0.33,0.02,0.02,0.25,0.25,0.02,0.02,0,0,0,0,0.1443,2,4,3.504844593336377,376.0095398527189,3685.529031718468,0.0988532482904189,0.00312313865383178,2128.9477370947334,10.7139,39.9564,5.54137,83.70293000000001,asia
121,3.777777778,0.008,0.33,0.02,0.02,0.25,0.25,0.02,0.02,0,0,0,0,0.1443,2,4,3.504844593336377,376.0095398527189,3685.529031718468,0.0988532482904189,0.00312313865383178,2128.9477370947334,10.7139,39.9564,5.54137,83.70293000000001,asia
122,4.555555556,0.008,0.33,0.02,0.02,0.25,0.25,0.02,0.02,0,0,0,0,0.1443,2,4,3.504844593336377,376.0095398527189,3685.529031718468,0.0988532482904189,0.00312313865383178,2128.9477370947334,10.7139,39.9564,5.54137,83.70293000000001,asia
123,5.333333333,0.008,0.33,0.02,0.02,0.25,0.25,0.02,0.02,0,0,0,0,0.1443,2,4,3.504844593336377,376.0095398527189,3685.529031718468,0.0988532482904189,0.00312313865383178,2128.9477370947334,10.7139,39.9564,5.54137,83.70293000000001,asia
124,6.1111111110000005,0.008,0.33,0.02,0.02,0.25,0.25,0.02,0.02,0,0,0,0,0.1443,2,4,3.504844593336377,376.0095398527189,3685.529031718468,0.0988532482904189,0.00312313865383178,2128.9477370947334,10.7139,39.9564,5.54137,83.70293000000001,asia
125,6.888888889,0.008,0.33,0.02,0.02,0.25,0.25,0.02,0.02,0,0,0,0,0.1443,2,4,3.504844593336377,376.0095398527189,3685.529031718468,0.0988532482904189,0.00312313865383178,2128.9477370947334,10.7139,39.9564,5.54137,83.70293000000001,asia
126,7.666666667,0.008,0.33,0.02,0.02,0.25,0.25,0.02,0.02,0,0,0,0,0.1443,2,4,3.504844593336377,376.0095398527189,3685.529031718468,0.0988532482904189,0.00312313865383178,2128.9477370947334,10.7139,39.9564,5.54137,83.70293000000001,asia
127,8.444444444,0.008,0.33,0.02,0.02,0.25,0.25,0.02,0.02,0,0,0,0,0.1443,2,4,3.504844593336377,376.0095398527189,3685.529031718468,0.0988532482904189,0.00312313865383178,2128.9477370947334,10.7139,39.9564,5.54137,83.70293000000001,asia
128,9.222222222000001,0.008,0.33,0.02,0.02,0.25,0.25,0.02,0.02,0,0,0,0,0.1443,2,4,3.504844593336377,376.0095398527189,3685.529031718468,0.0988532482904189,0.00312313865383178,2128.9477370947334,10.7139,39.9564,5.54137,83.70293000000001,asia
129,10.0,0.008,0.33,0.02,0.02,0.25,0.25,0.02,0.02,0,0,0,0,0.1443,2,4,3.504844593336377,376.0095398527189,3685.529031718468,0.0988532482904189,0.00312313865383178,2128.9477370947334,10.7139,39.9564,5.54137,83.70293000000001,asia
130,3.0,0.0115,0.33,0.02,0.02,0.25,0.25,0.02,0.02,0,0,0,0,0.1443,2,4,3.504844593336377,376.0095398527189,3685.529031718468,0.0988532482904189,0.00312313865383178,2128.9477370947334,10.7139,39.9564,5.54137,83.70293000000001,asia
131,3.777777778,0.0115,0.33,0.02,0.02,0.25,0.25,0.02,0.02,0,0,0,0,0.1443,2,4,3.504844593336377,376.0095398527189,3685.529031718468,0.0988532482904189,0.00312313865383178,2128.9477370947334,10.7139,39.9564,5.54137,83.70293000000001,asia
132,4.555555556,0.0115,0.33,0.02,0.02,0.25,0.25,0.02,0.02,0,0,0,0,0.1443,2,4,3.504844593336377,376.0095398527189,3685.529031718468,0.0988532482904189,0.00312313865383178,2128.9477370947334,10.7139,39.9564,5.54137,83.70293000000001,asia
133,5.333333333,0.0115,0.33,0.02,0.02,0.25,0.25,0.02,0.02,0,0,0,0,0.1443,2,4,3.504844593336377,376.0095398527189,3685.529031718468,0.0988532482904189,0.00312313865383178,2128.9477370947334,10.7139,39.9564,5.54137,83.70293000000001,asia
134,6.1111111110000005,0.0115,0.33,0.02,0.02,0.25,0.25,0.02,0.02,0,0,0,0,0.1443,2,4,3.504844593336377,376.0095398527189,3685.529031718468,0.0988532482904189,0.00312313865383178,2128.9477370947334,10.7139,39.9564,5.54137,83.70293000000001,asia
135,6.888888889,0.0115,0.33,0.02,0.02,0.25,0.25,0.02,0.02,0,0,0,0,0.1443,2,4,3.504844593336377,376.0095398527189,3685.529031718468,0.0988532482904189,0.00312313865383178,2128.9477370947334,10.7139,39.9564,5.54137,83.70293000000001,asia
136,7.666666667,0.0115,0.33,0.02,0.02,0.25,0.25,0.02,0.02,0,0,0,0,0.1443,2,4,3.504844593336377,376.0095398527189,3685.529031718468,0.0988532482904189,0.00312313865383178,2128.9477370947334,10.7139,39.9564,5.54137,83.70293000000001,asia
137,8.444444444,0.0115,0.33,0.02,0.02,0.25,0.25,0.02,0.02,0,0,0,0,0.1443,2,4,3.504844593336377,376.0095398527189,3685.529031718468,0.0988532482904189,0.00312313865383178,2128.9477370947334,10.7139,39.9564,5.54137,83.70293000000001,asia
138,9.222222222000001,0.0115,0.33,0.02,0.02,0.25,0.25,0.02,0.02,0,0,0,0,0.1443,2,4,3.504844593336377,376.0095398527189,3685.529031718468,0.0988532482904189,0.00312313865383178,2128.9477370947334,10.7139,39.9564,5.54137,83.70293000000001,asia
139,10.0,0.0115,0.33,0.02,0.02,0.25,0.25,0.02,0.02,0,0,0,0,0.1443,2,4,3.504844593336377,376.0095398527189,3685.529031718468,0.0988532482904189,0.00312313865383178,2128.9477370947334,10.7139,39.9564,5.54137,83.70293000000001,asia
140,3.0,0.015,0.33,0.02,0.02,0.25,0.25,0.02,0.02,0,0,0,0,0.1443,2,4,3.504844593336377,376.0095398527189,3685.529031718468,0.0988532482904189,0.00312313865383178,2128.9477370947334,10.7139,39.9564,5.54137,83.70293000000001,asia
141,3.777777778,0.015,0.33,0.02,0.02,0.25,0.25,0.02,0.02,0,0,0,0,0.1443,2,4,3.504844593336377,376.0095398527189,3685.529031718468,0.0988532482904189,0.00312313865383178,2128.9477370947334,10.7139,39.9564,5.54137,83.70293000000001,asia
142,4.555555556,0.015,0.33,0.02,0.02,0.25,0.25,0.02,0.02,0,0,0,0,0.1443,2,4,3.504844593336377,376.0095398527189,3685.529031718468,0.0988532482904189,0.00312313865383178,2128.9477370947334,10.7139,39.9564,5.54137,83.70293000000001,asia
143,5.333333333,0.015,0.33,0.02,0.02,0.25,0.25,0.02,0.02,0,0,0,0,0.1443,2,4,3.504844593336377,376.0095398527189,3685.529031718468,0.0988532482904189,0.00312313865383178,2128.9477370947334,10.7139,39.9564,5.54137,83.70293000000001,asia
144,6.1111111110000005,0.015,0.33,0.02,0.02,0.25,0.25,0.02,0.02,0,0,0,0,0.1443,2,4,3.504844593336377,376.0095398527189,3685.529031718468,0.0988532482904189,0.00312313865383178,2128.9477370947334,10.7139,39.9564,5.54137,83.70293000000001,asia
145,6.888888889,0.015,0.33,0.02,0.02,0.25,0.25,0.02,0.02,0,0,0,0,0.1443,2,4,3.504844593336377,376.0095398527189,3685.529031718468,0.0988532482904189,0.00312313865383178,2128.9477370947334,10.7139,39.9564,5.54137,83.70293000000001,asia
146,7.666666667,0.015,0.33,0.02,0.02,0.25,0.25,0.02,0.02,0,0,0,0,0.1443,2,4,3.504844593336377,376.0095398527189,3685.529031718468,0.0988532482904189,0.00312313865383178,2128.9477370947334,10.7139,39.9564,5.54137,83.70293000000001,asia
147,8.444444444,0.015,0.33,0.02,0.02,0.25,0.25,0.02,0.02,0,0,0,0,0.1443,2,4,3.504844593336377,376.0095398527189,3685.529031718468,0.0988532482904189,0.00312313865383178,2128.9477370947334,10.7139,39.9564,5.54137,83.70293000000001,asia
148,9.222222222000001,0.015,0.33,0.02,0.02,0.25,0.25,0.02,0.02,0,0,0,0,0.1443,2,4,3.504844593336377,376.0095398527189,3685.529031718468,0.0988532482904189,0.00312313865383178,2128.9477370947334,10.7139,39.9564,5.54137,83.70293000000001,asia
149,10.0,0.015,0.33,0.02,0.02,0.25,0.25,0.02,0.02,0,0,0,0,0.1443,2,4,3.504844593336377,376.0095398527189,3685.529031718468,0.0988532482904189,0.00312313865383178,2128.9477370947334,10.7139,39.9564,5.54137,83.70293000000001,asia
150,3.0,0.001,0.33,0.02,0.02,0.25,0.25,0.02,0.02,0,0,0,0,0.1443,2,4,3.504844593336377,376.0095398527189,3685.529031718468,0.0988532482904189,0.00312313865383178,2128.9477370947334,10.7139,39.9564,5.54137,83.70293000000001,asia
151,3.777777778,0.001,0.33,0.02,0.02,0.25,0.25,0.02,0.02,0,0,0,0,0.1443,2,4,3.504844593336377,376.0095398527189,3685.529031718468,0.0988532482904189,0.00312313865383178,2128.9477370947334,10.7139,39.9564,5.54137,83.70293000000001,asia
152,4.555555556,0.001,0.33,0.02,0.02,0.25,0.25,0.02,0.02,0,0,0,0,0.1443,2,4,3.504844593336377,376.0095398527189,3685.529031718468,0.0988532482904189,0.00312313865383178,2128.9477370947334,10.7139,39.9564,5.54137,83.70293000000001,asia
153,5.333333333,0.001,0.33,0.02,0.02,0.25,0.25,0.02,0.02,0,0,0,0,0.1443,2,4,3.504844593336377,376.0095398527189,3685.529031718468,0.0988532482904189,0.00312313865383178,2128.9477370947334,10.7139,39.9564,5.54137,83.70293000000001,asia
154,6.1111111110000005,0.001,0.33,0.02,0.02,0.25,0.25,0.02,0.02,0,0,0,0,0.1443,2,4,3.504844593336377,376.0095398527189,3685.529031718468,0.0988532482904189,0.00312313865383178,2128.9477370947334,10.7139,39.9564,5.54137,83.70293000000001,asia
155,6.888888889,0.001,0.33,0.02,0.02,0.25,0.25,0.02,0.02,0,0,0,0,0.1443,2,4,3.504844593336377,376.0095398527189,3685.529031718468,0.0988532482904189,0.00312313865383178,2128.9477370947334,10.7139,39.9564,5.54137,83.70293000000001,asia
156,7.666666667,0.001,0.33,0.02,0.02,0.25,0.25,0.02,0.02,0,0,0,0,0.1443,2,4,3.504844593336377,376.0095398527189,3685.529031718468,0.0988532482904189,0.00312313865383178,2128.9477370947334,10.7139,39.9564,5.54137,83.70293000000001,asia
157,8.444444444,0.001,0.33,0.02,0.02,0.25,0.25,0.02,0.02,0,0,0,0,0.1443,2,4,3.504844593336377,376.0095398527189,3685.529031718468,0.0988532482904189,0.00312313865383178,2128.9477370947334,10.7139,39.9564,5.54137,83.70293000000001,asia
158,9.222222222000001,0.001,0.33,0.02,0.02,0.25,0.25,0.02,0.02,0,0,0,0,0.1443,2,4,3.504844593336377,376.0095398527189,3685.529031718468,0.0988532482904189,0.00312313865383178,2128.9477370947334,10.7139,39.9564,5.54137,83.70293000000001,asia
159,10.0,0.001,0.33,0.02,0.02,0.25,0.25,0.02,0.02,0,0,0,0,0.1443,2,4,3.504844593336377,376.0095398527189,3685.529031718468,0.0988532482904189,0.00312313865383178,2128.9477370947334,10.7139,39.9564,5.54137,83.70293000000001,asia
160,3.0,0.0045,0.33,0.02,0.02,0.25,0.25,0.02,0.02,0,0,0,0,0.1443,2,4,3.504844593336377,376.0095398527189,3685.529031718468,0.0988532482904189,0.00312313865383178,2128.9477370947334,10.7139,39.9564,5.54137,83.70293000000001,asia
161,3.777777778,0.0045,0.33,0.02,0.02,0.25,0.25,0.02,0.02,0,0,0,0,0.1443,2,4,3.504844593336377,376.0095398527189,3685.529031718468,0.0988532482904189,0.00312313865383178,2128.9477370947334,10.7139,39.9564,5.54137,83.70293000000001,asia
162,4.555555556,0.0045,0.33,0.02,0.02,0.25,0.25,0.02,0.02,0,0,0,0,0.1443,2,4,3.504844593336377,376.0095398527189,3685.529031718468,0.0988532482904189,0.00312313865383178,2128.9477370947334,10.7139,39.9564,5.54137,83.70293000000001,asia
163,5.333333333,0.0045,0.33,0.02,0.02,0.25,0.25,0.02,0.02,0,0,0,0,0.1443,2,4,3.504844593336377,376.0095398527189,3685.529031718468,0.0988532482904189,0.00312313865383178,2128.9477370947334,10.7139,39.9564,5.54137,83.70293000000001,asia
164,6.1111111110000005,0.0045,0.33,0.02,0.02,0.25,0.25,0.02,0.02,0,0,0,0,0.1443,2,4,3.504844593336377,376.0095398527189,3685.529031718468,0.0988532482904189,0.00312313865383178,2128.9477370947334,10.7139,39.9564,5.54137,83.70293000000001,asia
165,6.888888889,0.0045,0.33,0.02,0.02,0.25,0.25,0.02,0.02,0,0,0,0,0.1443,2,4,3.504844593336377,376.0095398527189,3685.529031718468,0.0988532482904189,0.00312313865383178,2128.9477370947334,10.7139,39.9564,5.54137,83.70293000000001,asia
166,7.666666667,0.0045,0.33,0.02,0.02,0.25,0.25,0.02,0.02,0,0,0,0,0.1443,2,4,3.504844593336377,376.0095398527189,3685.529031718468,0.0988532482904189,0.00312313865383178,2128.9477370947334,10.7139,39.9564,5.54137,83.70293000000001,asia
167,8.444444444,0.0045,0.33,0.02,0.02,0.25,0.25,0.02,0.02,0,0,0,0,0.1443,2,4,3.504844593336377,376.0095398527189,3685.529031718468,0.0988532482904189,0.00312313865383178,2128.9477370947334,10.7139,39.9564,5.54137,83.70293000000001,asia
168,9.222222222000001,0.0045,0.33,0.02,0.02,0.25,0.25,0.02,0.02,0,0,0,0,0.1443,2,4,3.504844593336377,376.0095398527189,3685.529031718468,0.0988532482904189,0.00312313865383178,2128.9477370947334,10.7139,39.9564,5.54137,83.70293000000001,asia
169,10.0,0.0045,0.33,0.02,0.02,0.25,0.25,0.02,0.02,0,0,0,0,0.1443,2,4,3.504844593336377,376.0095398527189,3685.529031718468,0.0988532482904189,0.00312313865383178,2128.9477370947334,10.7139,39.9564,5.54137,83.70293000000001,asia
170,3.0,0.008,0.33,0.02,0.02,0.25,0.25,0.02,0.02,0,0,0,0,0.1443,2,4,3.504844593336377,376.0095398527189,3685.529031718468,0.0988532482904189,0.00312313865383178,2128.9477370947334,10.7139,39.9564,5.54137,83.70293000000001,asia
171,3.777777778,0.008,0.33,0.02,0.02,0.25,0.25,0.02,0.02,0,0,0,0,0.1443,2,4,3.504844593336377,376.0095398527189,3685.529031718468,0.0988532482904189,0.00312313865383178,2128.9477370947334,10.7139,39.9564,5.54137,83.70293000000001,asia
172,4.555555556,0.008,0.33,0.02,0.02,0.25,0.25,0.02,0.02,0,0,0,0,0.1443,2,4,3.504844593336377,376.0095398527189,3685.529031718468,0.0988532482904189,0.00312313865383178,2128.9477370947334,10.7139,39.9564,5.54137,83.70293000000001,asia
173,5.333333333,0.008,0.33,0.02,0.02,0.25,0.25,0.02,0.02,0,0,0,0,0.1443,2,4,3.504844593336377,376.0095398527189,3685.529031718468,0.0988532482904189,0.00312313865383178,2128.9477370947334,10.7139,39.9564,5.54137,83.70293000000001,asia
174,6.1111111110000005,0.008,0.33,0.02,0.02,0.25,0.25,0.02,0.02,0,0,0,0,0.1443,2,4,3.504844593336377,376.0095398527189,3685.529031718468,0.0988532482904189,0.00312313865383178,2128.9477370947334,10.7139,39.9564,5.54137,83.70293000000001,asia
175,6.888888889,0.008,0.33,0.02,0.02,0.25,0.25,0.02,0.02,0,0,0,0,0.1443,2,4,3.504844593336377,376.0095398527189,3685.529031718468,0.0988532482904189,0.00312313865383178,2128.9477370947334,10.7139,39.9564,5.54137,83.70293000000001,asia
176,7.666666667,0.008,0.33,0.02,0.02,0.25,0.25,0.02,0.02,0,0,0,0,0.1443,2,4,3.504844593336377,376.0095398527189,3685.529031718468,0.0988532482904189,0.00312313865383178,2128.9477370947334,10.7139,39.9564,5.54137,83.70293000000001,asia
177,8.444444444,0.008,0.33,0.02,0.02,0.25,0.25,0.02,0.02,0,0,0,0,0.1443,2,4,3.504844593336377,376.0095398527189,3685.529031718468,0.0988532482904189,0.00312313865383178,2128.9477370947334,10.7139,39.9564,5.54137,83.70293000000001,asia
178,9.222222222000001,0.008,0.33,0.02,0.02,0.25,0.25,0.02,0.02,0,0,0,0,0.1443,2,4,3.504844593336377,376.0095398527189,3685.529031718468,0.0988532482904189,0.00312313865383178,2128.9477370947334,10.7139,39.9564,5.54137,83.70293000000001,asia
179,10.0,0.008,0.33,0.02,0.02,0.25,0.25,0.02,0.02,0,0,0,0,0.1443,2,4,3.504844593336377,376.0095398527189,3685.529031718468,0.0988532482904189,0.00312313865383178,2128.9477370947334,10.7139,39.9564,5.54137,83.70293000000001,asia
180,3.0,0.0115,0.33,0.02,0.02,0.25,0.25,0.02,0.02,0,0,0,0,0.1443,2,4,3.504844593336377,376.0095398527189,3685.529031718468,0.0988532482904189,0.00312313865383178,2128.9477370947334,10.7139,39.9564,5.54137,83.70293000000001,asia
181,3.777777778,0.0115,0.33,0.02,0.02,0.25,0.25,0.02,0.02,0,0,0,0,0.1443,2,4,3.504844593336377,376.0095398527189,3685.529031718468,0.0988532482904189,0.00312313865383178,2128.9477370947334,10.7139,39.9564,5.54137,83.70293000000001,asia
182,4.555555556,0.0115,0.33,0.02,0.02,0.25,0.25,0.02,0.02,0,0,0,0,0.1443,2,4,3.504844593336377,376.0095398527189,3685.529031718468,0.0988532482904189,0.00312313865383178,2128.9477370947334,10.7139,39.9564,5.54137,83.70293000000001,asia
183,5.333333333,0.0115,0.33,0.02,0.02,0.25,0.25,0.02,0.02,0,0,0,0,0.1443,2,4,3.504844593336377,376.0095398527189,3685.529031718468,0.0988532482904189,0.00312313865383178,2128.9477370947334,10.7139,39.9564,5.54137,83.70293000000001,asia
184,6.1111111110000005,0.0115,0.33,0.02,0.02,0.25,0.25,0.02,0.02,0,0,0,0,0.1443,2,4,3.504844593336377,376.0095398527189,3685.529031718468,0.0988532482904189,0.00312313865383178,2128.9477370947334,10.7139,39.9564,5.54137,83.70293000000001,asia
185,6.888888889,0.0115,0.33,0.02,0.02,0.25,0.25,0.02,0.02,0,0,0,0,0.1443,2,4,3.504844593336377,376.0095398527189,3685.529031718468,0.0988532482904189,0.00312313865383178,2128.9477370947334,10.7139,39.9564,5.54137,83.70293000000001,asia
186,7.666666667,0.0115,0.33,0.02,0.02,0.25,0.25,0.02,0.02,0,0,0,0,0.1443,2,4,3.504844593336377,376.0095398527189,3685.529031718468,0.0988532482904189,0.00312313865383178,2128.9477370947334,10.7139,39.9564,5.54137,83.70293000000001,asia
187,8.444444444,0.0115,0.33,0.02,0.02,0.25,0.25,0.02,0.02,0,0,0,0,0.1443,2,4,3.504844593336377,376.0095398527189,3685.529031718468,0.0988532482904189,0.00312313865383178,2128.9477370947334,10.7139,39.9564,5.54137,83.70293000000001,asia
188,9.222222222000001,0.0115,0.33,0.02,0.02,0.25,0.25,0.02,0.02,0,0,0,0,0.1443,2,4,3.504844593336377,376.0095398527189,3685.529031718468,0.0988532482904189,0.00312313865383178,2128.9477370947334,10.7139,39.9564,5.54137,83.70293000000001,asia
189,10.0,0.0115,0.33,0.02,0.02,0.25,0.25,0.02,0.02,0,0,0,0,0.1443,2,4,3.504844593336377,376.0095398527189,3685.529031718468,0.0988532482904189,0.00312313865383178,2128.9477370947334,10.7139,39.9564,5.54137,83.70293000000001,asia
190,3.0,0.015,0.33,0.02,0.02,0.25,0.25,0.02,0.02,0,0,0,0,0.1443,2,4,3.504844593336377,376.0095398527189,3685.529031718468,0.0988532482904189,0.00312313865383178,2128.9477370947334,10.7139,39.9564,5.54137,83.70293000000001,asia
191,3.777777778,0.015,0.33,0.02,0.02,0.25,0.25,0.02,0.02,0,0,0,0,0.1443,2,4,3.504844593336377,376.0095398527189,3685.529031718468,0.0988532482904189,0.00312313865383178,2128.9477370947334,10.7139,39.9564,5.54137,83.70293000000001,asia
192,4.555555556,0.015,0.33,0.02,0.02,0.25,0.25,0.02,0.02,0,0,0,0,0.1443,2,4,3.504844593336377,376.0095398527189,3685.529031718468,0.0988532482904189,0.00312313865383178,2128.9477370947334,10.7139,39.9564,5.54137,83.70293000000001,asia
193,5.333333333,0.015,0.33,0.02,0.02,0.25,0.25,0.02,0.02,0,0,0,0,0.1443,2,4,3.504844593336377,376.0095398527189,3685.529031718468,0.0988532482904189,0.00312313865383178,2128.9477370947334,10.7139,39.9564,5.54137,83.70293000000001,asia
194,6.1111111110000005,0.015,0.33,0.02,0.02,0.25,0.25,0.02,0.02,0,0,0,0,0.1443,2,4,3.504844593336377,376.0095398527189,3685.529031718468,0.0988532482904189,0.00312313865383178,2128.9477370947334,10.7139,39.9564,5.54137,83.70293000000001,asia
195,6.888888889,0.015,0.33,0.02,0.02,0.25,0.25,0.02,0.02,0,0,0,0,0.1443,2,4,3.504844593336377,376.0095398527189,3685.529031718468,0.0988532482904189,0.00312313865383178,2128.9477370947334,10.7139,39.9564,5.54137,83.70293000000001,asia
196,7.666666667,0.015,0.33,0.02,0.02,0.25,0.25,0.02,0.02,0,0,0,0,0.1443,2,4,3.504844593336377,376.0095398527189,3685.529031718468,0.0988532482904189,0.00312313865383178,2128.9477370947334,10.7139,39.9564,5.54137,83.70293000000001,asia
197,8.444444444,0.015,0.33,0.02,0.02,0.25,0.25,0.02,0.02,0,0,0,0,0.1443,2,4,3.504844593336377,376.0095398527189,3685.529031718468,0.0988532482904189,0.00312313865383178,2128.9477370947334,10.7139,39.9564,5.54137,83.70293000000001,asia
198,9.222222222000001,0.015,0.33,0.02,0.02,0.25,0.25,0.02,0.02,0,0,0,0,0.1443,2,4,3.504844593336377,376.0095398527189,3685.529031718468,0.0988532482904189,0.00312313865383178,2128.9477370947334,10.7139,39.9564,5.54137,83.70293000000001,asia
199,10.0,0.015,0.33,0.02,0.02,0.25,0.25,0.02,0.02,0,0,0,0,0.1443,2,4,3.504844593336377,376.0095398527189,3685.529031718468,0.0988532482904189,0.00312313865383178,2128.9477370947334,10.7139,39.9564,5.54137,83.70293000000001,asia
200,3.0,0.001,0.33,0.02,0.02,0.25,0.25,0.02,0.02,0,0,0,0,0.1443,2,4,3.504844593336377,376.0095398527189,3685.529031718468,0.0988532482904189,0.00312313865383178,2128.9477370947334,10.7139,39.9564,5.54137,83.70293000000001,asia
201,3.777777778,0.001,0.33,0.02,0.02,0.25,0.25,0.02,0.02,0,0,0,0,0.1443,2,4,3.504844593336377,376.0095398527189,3685.529031718468,0.0988532482904189,0.00312313865383178,2128.9477370947334,10.7139,39.9564,5.54137,83.70293000000001,asia
202,4.555555556,0.001,0.33,0.02,0.02,0.25,0.25,0.02,0.02,0,0,0,0,0.1443,2,4,3.504844593336377,376.0095398527189,3685.529031718468,0.0988532482904189,0.00312313865383178,2128.9477370947334,10.7139,39.9564,5.54137,83.70293000000001,asia
203,5.333333333,0.001,0.33,0.02,0.02,0.25,0.25,0.02,0.02,0,0,0,0,0.1443,2,4,3.504844593336377,376.0095398527189,3685.529031718468,0.0988532482904189,0.00312313865383178,2128.9477370947334,10.7139,39.9564,5.54137,83.70293000000001,asia
204,6.1111111110000005,0.001,0.33,0.02,0.02,0.25,0.25,0.02,0.02,0,0,0,0,0.1443,2,4,3.504844593336377,376.0095398527189,3685.529031718468,0.0988532482904189,0.00312313865383178,2128.9477370947334,10.7139,39.9564,5.54137,83.70293000000001,asia
205,6.888888889,0.001,0.33,0.02,0.02,0.25,0.25,0.02,0.02,0,0,0,0,0.1443,2,4,3.504844593336377,376.0095398527189,3685.529031718468,0.0988532482904189,0.00312313865383178,2128.9477370947334,10.7139,39.9564,5.54137,83.70293000000001,asia
206,7.666666667,0.001,0.33,0.02,0.02,0.25,0.25,0.02,0.02,0,0,0,0,0.1443,2,4,3.504844593336377,376.0095398527189,3685.529031718468,0.0988532482904189,0.00312313865383178,2128.9477370947334,10.7139,39.9564,5.54137,83.70293000000001,asia
207,8.444444444,0.001,0.33,0.02,0.02,0.25,0.25,0.02,0.02,0,0,0,0,0.1443,2,4,3.504844593336377,376.0095398527189,3685.529031718468,0.0988532482904189,0.00312313865383178,2128.9477370947334,10.7139,39.9564,5.54137,83.70293000000001,asia
208,9.222222222000001,0.001,0.33,0.02,0.02,0.25,0.25,0.02,0.02,0,0,0,0,0.1443,2,4,3.504844593336377,376.0095398527189,3685.529031718468,0.0988532482904189,0.00312313865383178,2128.9477370947334,10.7139,39.9564,5.54137,83.70293000000001,asia
209,10.0,0.001,0.33,0.02,0.02,0.25,0.25,0.02,0.02,0,0,0,0,0.1443,2,4,3.504844593336377,376.0095398527189,3685.529031718468,0.0988532482904189,0.00312313865383178,2128.9477370947334,10.7139,39.9564,5.54137,83.70293000000001,asia
210,3.0,0.0045,0.33,0.02,0.02,0.25,0.25,0.02,0.02,0,0,0,0,0.1443,2,4,3.504844593336377,376.0095398527189,3685.529031718468,0.0988532482904189,0.00312313865383178,2128.9477370947334,10.7139,39.9564,5.54137,83.70293000000001,asia
211,3.777777778,0.0045,0.33,0.02,0.02,0.25,0.25,0.02,0.02,0,0,0,0,0.1443,2,4,3.504844593336377,376.0095398527189,3685.529031718468,0.0988532482904189,0.00312313865383178,2128.9477370947334,10.7139,39.9564,5.54137,83.70293000000001,asia
212,4.555555556,0.0045,0.33,0.02,0.02,0.25,0.25,0.02,0.02,0,0,0,0,0.1443,2,4,3.504844593336377,376.0095398527189,3685.529031718468,0.0988532482904189,0.00312313865383178,2128.9477370947334,10.7139,39.9564,5.54137,83.70293000000001,asia
213,5.333333333,0.0045,0.33,0.02,0.02,0.25,0.25,0.02,0.02,0,0,0,0,0.1443,2,4,3.504844593336377,376.0095398527189,3685.529031718468,0.0988532482904189,0.00312313865383178,2128.9477370947334,10.7139,39.9564,5.54137,83.70293000000001,asia
214,6.1111111110000005,0.0045,0.33,0.02,0.02,0.25,0.25,0.02,0.02,0,0,0,0,0.1443,2,4,3.504844593336377,376.0095398527189,3685.529031718468,0.0988532482904189,0.00312313865383178,2128.9477370947334,10.7139,39.9564,5.54137,83.70293000000001,asia
215,6.888888889,0.0045,0.33,0.02,0.02,0.25,0.25,0.02,0.02,0,0,0,0,0.1443,2,4,3.504844593336377,376.0095398527189,3685.529031718468,0.0988532482904189,0.00312313865383178,2128.9477370947334,10.7139,39.9564,5.54137,83.70293000000001,asia
216,7.666666667,0.0045,0.33,0.02,0.02,0.25,0.25,0.02,0.02,0,0,0,0,0.1443,2,4,3.504844593336377,376.0095398527189,3685.529031718468,0.0988532482904189,0.00312313865383178,2128.9477370947334,10.7139,39.9564,5.54137,83.70293000000001,asia
217,8.444444444,0.0045,0.33,0.02,0.02,0.25,0.25,0.02,0.02,0,0,0,0,0.1443,2,4,3.504844593336377,376.0095398527189,3685.529031718468,0.0988532482904189,0.00312313865383178,2128.9477370947334,10.7139,39.9564,5.54137,83.70293000000001,asia
218,9.222222222000001,0.0045,0.33,0.02,0.02,0.25,0.25,0.02,0.02,0,0,0,0,0.1443,2,4,3.504844593336377,376.0095398527189,3685.529031718468,0.0988532482904189,0.00312313865383178,2128.9477370947334,10.7139,39.9564,5.54137,83.70293000000001,asia
219,10.0,0.0045,0.33,0.02,0.02,0.25,0.25,0.02,0.02,0,0,0,0,0.1443,2,4,3.504844593336377,376.0095398527189,3685.529031718468,0.0988532482904189,0.00312313865383178,2128.9477370947334,10.7139,39.9564,5.54137,83.70293000000001,asia
220,3.0,0.008,0.33,0.02,0.02,0.25,0.25,0.02,0.02,0,0,0,0,0.1443,2,4,3.504844593336377,376.0095398527189,3685.529031718468,0.0988532482904189,0.00312313865383178,2128.9477370947334,10.7139,39.9564,5.54137,83.70293000000001,asia
221,3.777777778,0.008,0.33,0.02,0.02,0.25,0.25,0.02,0.02,0,0,0,0,0.1443,2,4,3.504844593336377,376.0095398527189,3685.529031718468,0.0988532482904189,0.00312313865383178,2128.9477370947334,10.7139,39.9564,5.54137,83.70293000000001,asia
222,4.555555556,0.008,0.33,0.02,0.02,0.25,0.25,0.02,0.02,0,0,0,0,0.1443,2,4,3.504844593336377,376.0095398527189,3685.529031718468,0.0988532482904189,0.00312313865383178,2128.9477370947334,10.7139,39.9564,5.54137,83.70293000000001,asia
223,5.333333333,0.008,0.33,0.02,0.02,0.25,0.25,0.02,0.02,0,0,0,0,0.1443,2,4,3.504844593336377,376.0095398527189,3685.529031718468,0.0988532482904189,0.00312313865383178,2128.9477370947334,10.7139,39.9564,5.54137,83.70293000000001,asia
224,6.1111111110000005,0.008,0.33,0.02,0.02,0.25,0.25,0.02,0.02,0,0,0,0,0.1443,2,4,3.504844593336377,376.0095398527189,3685.529031718468,0.0988532482904189,0.00312313865383178,2128.9477370947334,10.7139,39.9564,5.54137,83.70293000000001,asia
225,6.888888889,0.008,0.33,0.02,0.02,0.25,0.25,0.02,0.02,0,0,0,0,0.1443,2,4,3.504844593336377,376.0095398527189,3685.529031718468,0.0988532482904189,0.00312313865383178,2128.9477370947334,10.7139,39.9564,5.54137,83.70293000000001,asia
226,7.666666667,0.008,0.33,0.02,0.02,0.25,0.25,0.02,0.02,0,0,0,0,0.1443,2,4,3.504844593336377,376.0095398527189,3685.529031718468,0.0988532482904189,0.00312313865383178,2128.9477370947334,10.7139,39.9564,5.54137,83.70293000000001,asia
227,8.444444444,0.008,0.33,0.02,0.02,0.25,0.25,0.02,0.02,0,0,0,0,0.1443,2,4,3.504844593336377,376.0095398527189,3685.529031718468,0.0988532482904189,0.00312313865383178,2128.9477370947334,10.7139,39.9564,5.54137,83.70293000000001,asia
228,9.222222222000001,0.008,0.33,0.02,0.02,0.25,0.25,0.02,0.02,0,0,0,0,0.1443,2,4,3.504844593336377,376.0095398527189,3685.529031718468,0.0988532482904189,0.00312313865383178,2128.9477370947334,10.7139,39.9564,5.54137,83.70293000000001,asia
229,10.0,0.008,0.33,0.02,0.02,0.25,0.25,0.02,0.02,0,0,0,0,0.1443,2,4,3.504844593336377,376.0095398527189,3685.529031718468,0.0988532482904189,0.00312313865383178,2128.9477370947334,10.7139,39.9564,5.54137,83.70293000000001,asia
230,3.0,0.0115,0.33,0.02,0.02,0.25,0.25,0.02,0.02,0,0,0,0,0.1443,2,4,3.504844593336377,376.0095398527189,3685.529031718468,0.0988532482904189,0.00312313865383178,2128.9477370947334,10.7139,39.9564,5.54137,83.70293000000001,asia
231,3.777777778,0.0115,0.33,0.02,0.02,0.25,0.25,0.02,0.02,0,0,0,0,0.1443,2,4,3.504844593336377,376.0095398527189,3685.529031718468,0.0988532482904189,0.00312313865383178,2128.9477370947334,10.7139,39.9564,5.54137,83.70293000000001,asia
232,4.555555556,0.0115,0.33,0.02,0.02,0.25,0.25,0.02,0.02,0,0,0,0,0.1443,2,4,3.504844593336377,376.0095398527189,3685.529031718468,0.0988532482904189,0.00312313865383178,2128.9477370947334,10.7139,39.9564,5.54137,83.70293000000001,asia
233,5.333333333,0.0115,0.33,0.02,0.02,0.25,0.25,0.02,0.02,0,0,0,0,0.1443,2,4,3.504844593336377,376.0095398527189,3685.529031718468,0.0988532482904189,0.00312313865383178,2128.9477370947334,10.7139,39.9564,5.54137,83.70293000000001,asia
234,6.1111111110000005,0.0115,0.33,0.02,0.02,0.25,0.25,0.02,0.02,0,0,0,0,0.1443,2,4,3.504844593336377,376.0095398527189,3685.529031718468,0.0988532482904189,0.00312313865383178,2128.9477370947334,10.7139,39.9564,5.54137,83.70293000000001,asia
235,6.888888889,0.0115,0.33,0.02,0.02,0.25,0.25,0.02,0.02,0,0,0,0,0.1443,2,4,3.504844593336377,376.0095398527189,3685.529031718468,0.0988532482904189,0.00312313865383178,2128.9477370947334,10.7139,39.9564,5.54137,83.70293000000001,asia
236,7.666666667,0.0115,0.33,0.02,0.02,0.25,0.25,0.02,0.02,0,0,0,0,0.1443,2,4,3.504844593336377,376.0095398527189,3685.529031718468,0.0988532482904189,0.00312313865383178,2128.9477370947334,10.7139,39.9564,5.54137,83.70293000000001,asia
237,8.444444444,0.0115,0.33,0.02,0.02,0.25,0.25,0.02,0.02,0,0,0,0,0.1443,2,4,3.504844593336377,376.0095398527189,3685.529031718468,0.0988532482904189,0.00312313865383178,2128.9477370947334,10.7139,39.9564,5.54137,83.70293000000001,asia
238,9.222222222000001,0.0115,0.33,0.02,0.02,0.25,0.25,0.02,0.02,0,0,0,0,0.1443,2,4,3.504844593336377,376.0095398527189,3685.529031718468,0.0988532482904189,0.00312313865383178,2128.9477370947334,10.7139,39.9564,5.54137,83.70293000000001,asia
239,10.0,0.0115,0.33,0.02,0.02,0.25,0.25,0.02,0.02,0,0,0,0,0.1443,2,4,3.504844593336377,376.0095398527189,3685.529031718468,0.0988532482904189,0.00312313865383178,2128.9477370947334,10.7139,39.9564,5.54137,83.70293000000001,asia
240,3.0,0.015,0.33,0.02,0.02,0.25,0.25,0.02,0.02,0,0,0,0,0.1443,2,4,3.504844593336377,376.0095398527189,3685.529031718468,0.0988532482904189,0.00312313865383178,2128.9477370947334,10.7139,39.9564,5.54137,83.70293000000001,asia
241,3.777777778,0.015,0.33,0.02,0.02,0.25,0.25,0.02,0.02,0,0,0,0,0.1443,2,4,3.504844593336377,376.0095398527189,3685.529031718468,0.0988532482904189,0.00312313865383178,2128.9477370947334,10.7139,39.9564,5.54137,83.70293000000001,asia
242,4.555555556,0.015,0.33,0.02,0.02,0.25,0.25,0.02,0.02,0,0,0,0,0.1443,2,4,3.504844593336377,376.0095398527189,3685.529031718468,0.0988532482904189,0.00312313865383178,2128.9477370947334,10.7139,39.9564,5.54137,83.70293000000001,asia
243,5.333333333,0.015,0.33,0.02,0.02,0.25,0.25,0.02,0.02,0,0,0,0,0.1443,2,4,3.504844593336377,376.0095398527189,3685.529031718468,0.0988532482904189,0.00312313865383178,2128.9477370947334,10.7139,39.9564,5.54137,83.70293000000001,asia
244,6.1111111110000005,0.015,0.33,0.02,0.02,0.25,0.25,0.02,0.02,0,0,0,0,0.1443,2,4,3.504844593336377,376.0095398527189,3685.529031718468,0.0988532482904189,0.00312313865383178,2128.9477370947334,10.7139,39.9564,5.54137,83.70293000000001,asia
245,6.888888889,0.015,0.33,0.02,0.02,0.25,0.25,0.02,0.02,0,0,0,0,0.1443,2,4,3.504844593336377,376.0095398527189,3685.529031718468,0.0988532482904189,0.00312313865383178,2128.9477370947334,10.7139,39.9564,5.54137,83.70293000000001,asia
246,7.666666667,0.015,0.33,0.02,0.02,0.25,0.25,0.02,0.02,0,0,0,0,0.1443,2,4,3.504844593336377,376.0095398527189,3685.529031718468,0.0988532482904189,0.00312313865383178,2128.9477370947334,10.7139,39.9564,5.54137,83.70293000000001,asia
247,8.444444444,0.015,0.33,0.02,0.02,0.25,0.25,0.02,0.02,0,0,0,0,0.1443,2,4,3.504844593336377,376.0095398527189,3685.529031718468,0.0988532482904189,0.00312313865383178,2128.9477370947334,10.7139,39.9564,5.54137,83.70293000000001,asia
248,9.222222222000001,0.015,0.33,0.02,0.02,0.25,0.25,0.02,0.02,0,0,0,0,0.1443,2,4,3.504844593336377,376.0095398527189,3685.529031718468,0.0988532482904189,0.00312313865383178,2128.9477370947334,10.7139,39.9564,5.54137,83.70293000000001,asia
249,10.0,0.015,0.33,0.02,0.02,0.25,0.25,0.02,0.02,0,0,0,0,0.1443,2,4,3.504844593336377,376.0095398527189,3685.529031718468,0.0988532482904189,0.00312313865383178,2128.9477370947334,10.7139,39.9564,5.54137,83.70293000000001,asia
250,3.0,0.001,0.33,0.02,0.02,0.25,0.25,0.02,0.02,0,0,0,0,0.1443,2,4,3.504844593336377,376.0095398527189,3685.529031718468,0.0988532482904189,0.00312313865383178,2128.9477370947334,10.7139,39.9564,5.54137,83.70293000000001,asia
251,3.777777778,0.001,0.33,0.02,0.02,0.25,0.25,0.02,0.02,0,0,0,0,0.1443,2,4,3.504844593336377,376.0095398527189,3685.529031718468,0.0988532482904189,0.00312313865383178,2128.9477370947334,10.7139,39.9564,5.54137,83.70293000000001,asia
252,4.555555556,0.001,0.33,0.02,0.02,0.25,0.25,0.02,0.02,0,0,0,0,0.1443,2,4,3.504844593336377,376.0095398527189,3685.529031718468,0.0988532482904189,0.00312313865383178,2128.9477370947334,10.7139,39.9564,5.54137,83.70293000000001,asia
253,5.333333333,0.001,0.33,0.02,0.02,0.25,0.25,0.02,0.02,0,0,0,0,0.1443,2,4,3.504844593336377,376.0095398527189,3685.529031718468,0.0988532482904189,0.00312313865383178,2128.9477370947334,10.7139,39.9564,5.54137,83.70293000000001,asia
254,6.1111111110000005,0.001,0.33,0.02,0.02,0.25,0.25,0.02,0.02,0,0,0,0,0.1443,2,4,3.504844593336377,376.0095398527189,3685.529031718468,0.0988532482904189,0.00312313865383178,2128.9477370947334,10.7139,39.9564,5.54137,83.70293000000001,asia
255,6.888888889,0.001,0.33,0.02,0.02,0.25,0.25,0.02,0.02,0,0,0,0,0.1443,2,4,3.504844593336377,376.0095398527189,3685.529031718468,0.0988532482904189,0.00312313865383178,2128.9477370947334,10.7139,39.9564,5.54137,83.70293000000001,asia
256,7.666666667,0.001,0.33,0.02,0.02,0.25,0.25,0.02,0.02,0,0,0,0,0.1443,2,4,3.504844593336377,376.0095398527189,3685.529031718468,0.0988532482904189,0.00312313865383178,2128.9477370947334,10.7139,39.9564,5.54137,83.70293000000001,asia
257,8.444444444,0.001,0.33,0.02,0.02,0.25,0.25,0.02,0.02,0,0,0,0,0.1443,2,4,3.504844593336377,376.0095398527189,3685.529031718468,0.0988532482904189,0.00312313865383178,2128.9477370947334,10.7139,39.9564,5.54137,83.70293000000001,asia
258,9.222222222000001,0.001,0.33,0.02,0.02,0.25,0.25,0.02,0.02,0,0,0,0,0.1443,2,4,3.504844593336377,376.0095398527189,3685.529031718468,0.0988532482904189,0.00312313865383178,2128.9477370947334,10.7139,39.9564,5.54137,83.70293000000001,asia
259,10.0,0.001,0.33,0.02,0.02,0.25,0.25,0.02,0.02,0,0,0,0,0.1443,2,4,3.504844593336377,376.0095398527189,3685.529031718468,0.0988532482904189,0.00312313865383178,2128.9477370947334,10.7139,39.9564,5.54137,83.70293000000001,asia
260,3.0,0.0045,0.33,0.02,0.02,0.25,0.25,0.02,0.02,0,0,0,0,0.1443,2,4,3.504844593336377,376.0095398527189,3685.529031718468,0.0988532482904189,0.00312313865383178,2128.9477370947334,10.7139,39.9564,5.54137,83.70293000000001,asia
261,3.777777778,0.0045,0.33,0.02,0.02,0.25,0.25,0.02,0.02,0,0,0,0,0.1443,2,4,3.504844593336377,376.0095398527189,3685.529031718468,0.0988532482904189,0.00312313865383178,2128.9477370947334,10.7139,39.9564,5.54137,83.70293000000001,asia
262,4.555555556,0.0045,0.33,0.02,0.02,0.25,0.25,0.02,0.02,0,0,0,0,0.1443,2,4,3.504844593336377,376.0095398527189,3685.529031718468,0.0988532482904189,0.00312313865383178,2128.9477370947334,10.7139,39.9564,5.54137,83.70293000000001,asia
263,5.333333333,0.0045,0.33,0.02,0.02,0.25,0.25,0.02,0.02,0,0,0,0,0.1443,2,4,3.504844593336377,376.0095398527189,3685.529031718468,0.0988532482904189,0.00312313865383178,2128.9477370947334,10.7139,39.9564,5.54137,83.70293000000001,asia
264,6.1111111110000005,0.0045,0.33,0.02,0.02,0.25,0.25,0.02,0.02,0,0,0,0,0.1443,2,4,3.504844593336377,376.0095398527189,3685.529031718468,0.0988532482904189,0.00312313865383178,2128.9477370947334,10.7139,39.9564,5.54137,83.70293000000001,asia
265,6.888888889,0.0045,0.33,0.02,0.02,0.25,0.25,0.02,0.02,0,0,0,0,0.1443,2,4,3.504844593336377,376.0095398527189,3685.529031718468,0.0988532482904189,0.00312313865383178,2128.9477370947334,10.7139,39.9564,5.54137,83.70293000000001,asia
266,7.666666667,0.0045,0.33,0.02,0.02,0.25,0.25,0.02,0.02,0,0,0,0,0.1443,2,4,3.504844593336377,376.0095398527189,3685.529031718468,0.0988532482904189,0.00312313865383178,2128.9477370947334,10.7139,39.9564,5.54137,83.70293000000001,asia
267,8.444444444,0.0045,0.33,0.02,0.02,0.25,0.25,0.02,0.02,0,0,0,0,0.1443,2,4,3.504844593336377,376.0095398527189,3685.529031718468,0.0988532482904189,0.00312313865383178,2128.9477370947334,10.7139,39.9564,5.54137,83.70293000000001,asia
268,9.222222222000001,0.0045,0.33,0.02,0.02,0.25,0.25,0.02,0.02,0,0,0,0,0.1443,2,4,3.504844593336377,376.0095398527189,3685.529031718468,0.0988532482904189,0.00312313865383178,2128.9477370947334,10.7139,39.9564,5.54137,83.70293000000001,asia
269,10.0,0.0045,0.33,0.02,0.02,0.25,0.25,0.02,0.02,0,0,0,0,0.1443,2,4,3.504844593336377,376.0095398527189,3685.529031718468,0.0988532482904189,0.00312313865383178,2128.9477370947334,10.7139,39.9564,5.54137,83.70293000000001,asia
270,3.0,0.008,0.33,0.02,0.02,0.25,0.25,0.02,0.02,0,0,0,0,0.1443,2,4,3.504844593336377,376.0095398527189,3685.529031718468,0.0988532482904189,0.00312313865383178,2128.9477370947334,10.7139,39.9564,5.54137,83.70293000000001,asia
271,3.777777778,0.008,0.33,0.02,0.02,0.25,0.25,0.02,0.02,0,0,0,0,0.1443,2,4,3.504844593336377,376.0095398527189,3685.529031718468,0.0988532482904189,0.00312313865383178,2128.9477370947334,10.7139,39.9564,5.54137,83.70293000000001,asia
272,4.555555556,0.008,0.33,0.02,0.02,0.25,0.25,0.02,0.02,0,0,0,0,0.1443,2,4,3.504844593336377,376.0095398527189,3685.529031718468,0.0988532482904189,0.00312313865383178,2128.9477370947334,10.7139,39.9564,5.54137,83.70293000000001,asia
273,5.333333333,0.008,0.33,0.02,0.02,0.25,0.25,0.02,0.02,0,0,0,0,0.1443,2,4,3.504844593336377,376.0095398527189,3685.529031718468,0.0988532482904189,0.00312313865383178,2128.9477370947334,10.7139,39.9564,5.54137,83.70293000000001,asia
274,6.1111111110000005,0.008,0.33,0.02,0.02,0.25,0.25,0.02,0.02,0,0,0,0,0.1443,2,4,3.504844593336377,376.0095398527189,3685.529031718468,0.0988532482904189,0.00312313865383178,2128.9477370947334,10.7139,39.9564,5.54137,83.70293000000001,asia
275,6.888888889,0.008,0.33,0.02,0.02,0.25,0.25,0.02,0.02,0,0,0,0,0.1443,2,4,3.504844593336377,376.0095398527189,3685.529031718468,0.0988532482904189,0.00312313865383178,2128.9477370947334,10.7139,39.9564,5.54137,83.70293000000001,asia
276,7.666666667,0.008,0.33,0.02,0.02,0.25,0.25,0.02,0.02,0,0,0,0,0.1443,2,4,3.504844593336377,376.0095398527189,3685.529031718468,0.0988532482904189,0.00312313865383178,2128.9477370947334,10.7139,39.9564,5.54137,83.70293000000001,asia
277,8.444444444,0.008,0.33,0.02,0.02,0.25,0.25,0.02,0.02,0,0,0,0,0.1443,2,4,3.504844593336377,376.0095398527189,3685.529031718468,0.0988532482904189,0.00312313865383178,2128.9477370947334,10.7139,39.9564,5.54137,83.70293000000001,asia
278,9.222222222000001,0.008,0.33,0.02,0.02,0.25,0.25,0.02,0.02,0,0,0,0,0.1443,2,4,3.504844593336377,376.0095398527189,3685.529031718468,0.0988532482904189,0.00312313865383178,2128.9477370947334,10.7139,39.9564,5.54137,83.70293000000001,asia
279,10.0,0.008,0.33,0.02,0.02,0.25,0.25,0.02,0.02,0,0,0,0,0.1443,2,4,3.504844593336377,376.0095398527189,3685.529031718468,0.0988532482904189,0.00312313865383178,2128.9477370947334,10.7139,39.9564,5.54137,83.70293000000001,asia
280,3.0,0.0115,0.33,0.02,0.02,0.25,0.25,0.02,0.02,0,0,0,0,0.1443,2,4,3.504844593336377,376.0095398527189,3685.529031718468,0.0988532482904189,0.00312313865383178,2128.9477370947334,10.7139,39.9564,5.54137,83.70293000000001,asia
281,3.777777778,0.0115,0.33,0.02,0.02,0.25,0.25,0.02,0.02,0,0,0,0,0.1443,2,4,3.504844593336377,376.0095398527189,3685.529031718468,0.0988532482904189,0.00312313865383178,2128.9477370947334,10.7139,39.9564,5.54137,83.70293000000001,asia
282,4.555555556,0.0115,0.33,0.02,0.02,0.25,0.25,0.02,0.02,0,0,0,0,0.1443,2,4,3.504844593336377,376.0095398527189,3685.529031718468,0.0988532482904189,0.00312313865383178,2128.9477370947334,10.7139,39.9564,5.54137,83.70293000000001,asia
283,5.333333333,0.0115,0.33,0.02,0.02,0.25,0.25,0.02,0.02,0,0,0,0,0.1443,2,4,3.504844593336377,376.0095398527189,3685.529031718468,0.0988532482904189,0.00312313865383178,2128.9477370947334,10.7139,39.9564,5.54137,83.70293000000001,asia
284,6.1111111110000005,0.0115,0.33,0.02,0.02,0.25,0.25,0.02,0.02,0,0,0,0,0.1443,2,4,3.504844593336377,376.0095398527189,3685.529031718468,0.0988532482904189,0.00312313865383178,2128.9477370947334,10.7139,39.9564,5.54137,83.70293000000001,asia
285,6.888888889,0.0115,0.33,0.02,0.02,0.25,0.25,0.02,0.02,0,0,0,0,0.1443,2,4,3.504844593336377,376.0095398527189,3685.529031718468,0.0988532482904189,0.00312313865383178,2128.9477370947334,10.7139,39.9564,5.54137,83.70293000000001,asia
286,7.666666667,0.0115,0.33,0.02,0.02,0.25,0.25,0.02,0.02,0,0,0,0,0.1443,2,4,3.504844593336377,376.0095398527189,3685.529031718468,0.0988532482904189,0.00312313865383178,2128.9477370947334,10.7139,39.9564,5.54137,83.70293000000001,asia
287,8.444444444,0.0115,0.33,0.02,0.02,0.25,0.25,0.02,0.02,0,0,0,0,0.1443,2,4,3.504844593336377,376.0095398527189,3685.529031718468,0.0988532482904189,0.00312313865383178,2128.9477370947334,10.7139,39.9564,5.54137,83.70293000000001,asia
288,9.222222222000001,0.0115,0.33,0.02,0.02,0.25,0.25,0.02,0.02,0,0,0,0,0.1443,2,4,3.504844593336377,376.0095398527189,3685.529031718468,0.0988532482904189,0.00312313865383178,2128.9477370947334,10.7139,39.9564,5.54137,83.70293000000001,asia
289,10.0,0.0115,0.33,0.02,0.02,0.25,0.25,0.02,0.02,0,0,0,0,0.1443,2,4,3.504844593336377,376.0095398527189,3685.529031718468,0.0988532482904189,0.00312313865383178,2128.9477370947334,10.7139,39.9564,5.54137,83.70293000000001,asia
290,3.0,0.015,0.33,0.02,0.02,0.25,0.25,0.02,0.02,0,0,0,0,0.1443,2,4,3.504844593336377,376.0095398527189,3685.529031718468,0.0988532482904189,0.00312313865383178,2128.9477370947334,10.7139,39.9564,5.54137,83.70293000000001,asia
291,3.777777778,0.015,0.33,0.02,0.02,0.25,0.25,0.02,0.02,0,0,0,0,0.1443,2,4,3.504844593336377,376.0095398527189,3685.529031718468,0.0988532482904189,0.00312313865383178,2128.9477370947334,10.7139,39.9564,5.54137,83.70293000000001,asia
292,4.555555556,0.015,0.33,0.02,0.02,0.25,0.25,0.02,0.02,0,0,0,0,0.1443,2,4,3.504844593336377,376.0095398527189,3685.529031718468,0.0988532482904189,0.00312313865383178,2128.9477370947334,10.7139,39.9564,5.54137,83.70293000000001,asia
293,5.333333333,0.015,0.33,0.02,0.02,0.25,0.25,0.02,0.02,0,0,0,0,0.1443,2,4,3.504844593336377,376.0095398527189,3685.529031718468,0.0988532482904189,0.00312313865383178,2128.9477370947334,10.7139,39.9564,5.54137,83.70293000000001,asia
294,6.1111111110000005,0.015,0.33,0.02,0.02,0.25,0.25,0.02,0.02,0,0,0,0,0.1443,2,4,3.504844593336377,376.0095398527189,3685.529031718468,0.0988532482904189,0.00312313865383178,2128.9477370947334,10.7139,39.9564,5.54137,83.70293000000001,asia
295,6.888888889,0.015,0.33,0.02,0.02,0.25,0.25,0.02,0.02,0,0,0,0,0.1443,2,4,3.504844593336377,376.0095398527189,3685.529031718468,0.0988532482904189,0.00312313865383178,2128.9477370947334,10.7139,39.9564,5.54137,83.70293000000001,asia
296,7.666666667,0.015,0.33,0.02,0.02,0.25,0.25,0.02,0.02,0,0,0,0,0.1443,2,4,3.504844593336377,376.0095398527189,3685.529031718468,0.0988532482904189,0.00312313865383178,2128.9477370947334,10.7139,39.9564,5.54137,83.70293000000001,asia
297,8.444444444,0.015,0.33,0.02,0.02,0.25,0.25,0.02,0.02,0,0,0,0,0.1443,2,4,3.504844593336377,376.0095398527189,3685.529031718468,0.0988532482904189,0.00312313865383178,2128.9477370947334,10.7139,39.9564,5.54137,83.70293000000001,asia
298,9.222222222000001,0.015,0.33,0.02,0.02,0.25,0.25,0.02,0.02,0,0,0,0,0.1443,2,4,3.504844593336377,376.0095398527189,3685.529031718468,0.0988532482904189,0.00312313865383178,2128.9477370947334,10.7139,39.9564,5.54137,83.70293000000001,asia
299,10.0,0.015,0.33,0.02,0.02,0.25,0.25,0.02,0.02,0,0,0,0,0.1443,2,4,3.504844593336377,376.0095398527189,3685.529031718468,0.0988532482904189,0.00312313865383178,2128.9477370947334,10.7139,39.9564,5.54137,83.70293000000001,asia
300,3.0,0.001,0.33,0.02,0.02,0.25,0.25,0.02,0.02,0,0,0,0,0.1443,2,4,3.504844593336377,376.0095398527189,3685.529031718468,0.0988532482904189,0.00312313865383178,2128.9477370947334,10.7139,39.9564,5.54137,83.70293000000001,asia
301,3.777777778,0.001,0.33,0.02,0.02,0.25,0.25,0.02,0.02,0,0,0,0,0.1443,2,4,3.504844593336377,376.0095398527189,3685.529031718468,0.0988532482904189,0.00312313865383178,2128.9477370947334,10.7139,39.9564,5.54137,83.70293000000001,asia
302,4.555555556,0.001,0.33,0.02,0.02,0.25,0.25,0.02,0.02,0,0,0,0,0.1443,2,4,3.504844593336377,376.0095398527189,3685.529031718468,0.0988532482904189,0.00312313865383178,2128.9477370947334,10.7139,39.9564,5.54137,83.70293000000001,asia
303,5.333333333,0.001,0.33,0.02,0.02,0.25,0.25,0.02,0.02,0,0,0,0,0.1443,2,4,3.504844593336377,376.0095398527189,3685.529031718468,0.0988532482904189,0.00312313865383178,2128.9477370947334,10.7139,39.9564,5.54137,83.70293000000001,asia
304,6.1111111110000005,0.001,0.33,0.02,0.02,0.25,0.25,0.02,0.02,0,0,0,0,0.1443,2,4,3.504844593336377,376.0095398527189,3685.529031718468,0.0988532482904189,0.00312313865383178,2128.9477370947334,10.7139,39.9564,5.54137,83.70293000000001,asia
305,6.888888889,0.001,0.33,0.02,0.02,0.25,0.25,0.02,0.02,0,0,0,0,0.1443,2,4,3.504844593336377,376.0095398527189,3685.529031718468,0.0988532482904189,0.00312313865383178,2128.9477370947334,10.7139,39.9564,5.54137,83.70293000000001,asia
306,7.666666667,0.001,0.33,0.02,0.02,0.25,0.25,0.02,0.02,0,0,0,0,0.1443,2,4,3.504844593336377,376.0095398527189,3685.529031718468,0.0988532482904189,0.00312313865383178,2128.9477370947334,10.7139,39.9564,5.54137,83.70293000000001,asia
307,8.444444444,0.001,0.33,0.02,0.02,0.25,0.25,0.02,0.02,0,0,0,0,0.1443,2,4,3.504844593336377,376.0095398527189,3685.529031718468,0.0988532482904189,0.00312313865383178,2128.9477370947334,10.7139,39.9564,5.54137,83.70293000000001,asia
308,9.222222222000001,0.001,0.33,0.02,0.02,0.25,0.25,0.02,0.02,0,0,0,0,0.1443,2,4,3.504844593336377,376.0095398527189,3685.529031718468,0.0988532482904189,0.00312313865383178,2128.9477370947334,10.7139,39.9564,5.54137,83.70293000000001,asia
309,10.0,0.001,0.33,0.02,0.02,0.25,0.25,0.02,0.02,0,0,0,0,0.1443,2,4,3.504844593336377,376.0095398527189,3685.529031718468,0.0988532482904189,0.00312313865383178,2128.9477370947334,10.7139,39.9564,5.54137,83.70293000000001,asia
310,3.0,0.0045,0.33,0.02,0.02,0.25,0.25,0.02,0.02,0,0,0,0,0.1443,2,4,3.504844593336377,376.0095398527189,3685.529031718468,0.0988532482904189,0.00312313865383178,2128.9477370947334,10.7139,39.9564,5.54137,83.70293000000001,asia
311,3.777777778,0.0045,0.33,0.02,0.02,0.25,0.25,0.02,0.02,0,0,0,0,0.1443,2,4,3.504844593336377,376.0095398527189,3685.529031718468,0.0988532482904189,0.00312313865383178,2128.9477370947334,10.7139,39.9564,5.54137,83.70293000000001,asia
312,4.555555556,0.0045,0.33,0.02,0.02,0.25,0.25,0.02,0.02,0,0,0,0,0.1443,2,4,3.504844593336377,376.0095398527189,3685.529031718468,0.0988532482904189,0.00312313865383178,2128.9477370947334,10.7139,39.9564,5.54137,83.70293000000001,asia
313,5.333333333,0.0045,0.33,0.02,0.02,0.25,0.25,0.02,0.02,0,0,0,0,0.1443,2,4,3.504844593336377,376.0095398527189,3685.529031718468,0.0988532482904189,0.00312313865383178,2128.9477370947334,10.7139,39.9564,5.54137,83.70293000000001,asia
314,6.1111111110000005,0.0045,0.33,0.02,0.02,0.25,0.25,0.02,0.02,0,0,0,0,0.1443,2,4,3.504844593336377,376.0095398527189,3685.529031718468,0.0988532482904189,0.00312313865383178,2128.9477370947334,10.7139,39.9564,5.54137,83.70293000000001,asia
315,6.888888889,0.0045,0.33,0.02,0.02,0.25,0.25,0.02,0.02,0,0,0,0,0.1443,2,4,3.504844593336377,376.0095398527189,3685.529031718468,0.0988532482904189,0.00312313865383178,2128.9477370947334,10.7139,39.9564,5.54137,83.70293000000001,asia
316,7.666666667,0.0045,0.33,0.02,0.02,0.25,0.25,0.02,0.02,0,0,0,0,0.1443,2,4,3.504844593336377,376.0095398527189,3685.529031718468,0.0988532482904189,0.00312313865383178,2128.9477370947334,10.7139,39.9564,5.54137,83.70293000000001,asia
317,8.444444444,0.0045,0.33,0.02,0.02,0.25,0.25,0.02,0.02,0,0,0,0,0.1443,2,4,3.504844593336377,376.0095398527189,3685.529031718468,0.0988532482904189,0.00312313865383178,2128.9477370947334,10.7139,39.9564,5.54137,83.70293000000001,asia
318,9.222222222000001,0.0045,0.33,0.02,0.02,0.25,0.25,0.02,0.02,0,0,0,0,0.1443,2,4,3.504844593336377,376.0095398527189,3685.529031718468,0.0988532482904189,0.00312313865383178,2128.9477370947334,10.7139,39.9564,5.54137,83.70293000000001,asia
319,10.0,0.0045,0.33,0.02,0.02,0.25,0.25,0.02,0.02,0,0,0,0,0.1443,2,4,3.504844593336377,376.0095398527189,3685.529031718468,0.0988532482904189,0.00312313865383178,2128.9477370947334,10.7139,39.9564,5.54137,83.70293000000001,asia
320,3.0,0.008,0.33,0.02,0.02,0.25,0.25,0.02,0.02,0,0,0,0,0.1443,2,4,3.504844593336377,376.0095398527189,3685.529031718468,0.0988532482904189,0.00312313865383178,2128.9477370947334,10.7139,39.9564,5.54137,83.70293000000001,asia
321,3.777777778,0.008,0.33,0.02,0.02,0.25,0.25,0.02,0.02,0,0,0,0,0.1443,2,4,3.504844593336377,376.0095398527189,3685.529031718468,0.0988532482904189,0.00312313865383178,2128.9477370947334,10.7139,39.9564,5.54137,83.70293000000001,asia
322,4.555555556,0.008,0.33,0.02,0.02,0.25,0.25,0.02,0.02,0,0,0,0,0.1443,2,4,3.504844593336377,376.0095398527189,3685.529031718468,0.0988532482904189,0.00312313865383178,2128.9477370947334,10.7139,39.9564,5.54137,83.70293000000001,asia
323,5.333333333,0.008,0.33,0.02,0.02,0.25,0.25,0.02,0.02,0,0,0,0,0.1443,2,4,3.504844593336377,376.0095398527189,3685.529031718468,0.0988532482904189,0.00312313865383178,2128.9477370947334,10.7139,39.9564,5.54137,83.70293000000001,asia
324,6.1111111110000005,0.008,0.33,0.02,0.02,0.25,0.25,0.02,0.02,0,0,0,0,0.1443,2,4,3.504844593336377,376.0095398527189,3685.529031718468,0.0988532482904189,0.00312313865383178,2128.9477370947334,10.7139,39.9564,5.54137,83.70293000000001,asia
325,6.888888889,0.008,0.33,0.02,0.02,0.25,0.25,0.02,0.02,0,0,0,0,0.1443,2,4,3.504844593336377,376.0095398527189,3685.529031718468,0.0988532482904189,0.00312313865383178,2128.9477370947334,10.7139,39.9564,5.54137,83.70293000000001,asia
326,7.666666667,0.008,0.33,0.02,0.02,0.25,0.25,0.02,0.02,0,0,0,0,0.1443,2,4,3.504844593336377,376.0095398527189,3685.529031718468,0.0988532482904189,0.00312313865383178,2128.9477370947334,10.7139,39.9564,5.54137,83.70293000000001,asia
327,8.444444444,0.008,0.33,0.02,0.02,0.25,0.25,0.02,0.02,0,0,0,0,0.1443,2,4,3.504844593336377,376.0095398527189,3685.529031718468,0.0988532482904189,0.00312313865383178,2128.9477370947334,10.7139,39.9564,5.54137,83.70293000000001,asia
328,9.222222222000001,0.008,0.33,0.02,0.02,0.25,0.25,0.02,0.02,0,0,0,0,0.1443,2,4,3.504844593336377,376.0095398527189,3685.529031718468,0.0988532482904189,0.00312313865383178,2128.9477370947334,10.7139,39.9564,5.54137,83.70293000000001,asia
329,10.0,0.008,0.33,0.02,0.02,0.25,0.25,0.02,0.02,0,0,0,0,0.1443,2,4,3.504844593336377,376.0095398527189,3685.529031718468,0.0988532482904189,0.00312313865383178,2128.9477370947334,10.7139,39.9564,5.54137,83.70293000000001,asia
330,3.0,0.0115,0.33,0.02,0.02,0.25,0.25,0.02,0.02,0,0,0,0,0.1443,2,4,3.504844593336377,376.0095398527189,3685.529031718468,0.0988532482904189,0.00312313865383178,2128.9477370947334,10.7139,39.9564,5.54137,83.70293000000001,asia
331,3.777777778,0.0115,0.33,0.02,0.02,0.25,0.25,0.02,0.02,0,0,0,0,0.1443,2,4,3.504844593336377,376.0095398527189,3685.529031718468,0.0988532482904189,0.00312313865383178,2128.9477370947334,10.7139,39.9564,5.54137,83.70293000000001,asia
332,4.555555556,0.0115,0.33,0.02,0.02,0.25,0.25,0.02,0.02,0,0,0,0,0.1443,2,4,3.504844593336377,376.0095398527189,3685.529031718468,0.0988532482904189,0.00312313865383178,2128.9477370947334,10.7139,39.9564,5.54137,83.70293000000001,asia
333,5.333333333,0.0115,0.33,0.02,0.02,0.25,0.25,0.02,0.02,0,0,0,0,0.1443,2,4,3.504844593336377,376.0095398527189,3685.529031718468,0.0988532482904189,0.00312313865383178,2128.9477370947334,10.7139,39.9564,5.54137,83.70293000000001,asia
334,6.1111111110000005,0.0115,0.33,0.02,0.02,0.25,0.25,0.02,0.02,0,0,0,0,0.1443,2,4,3.504844593336377,376.0095398527189,3685.529031718468,0.0988532482904189,0.00312313865383178,2128.9477370947334,10.7139,39.9564,5.54137,83.70293000000001,asia
335,6.888888889,0.0115,0.33,0.02,0.02,0.25,0.25,0.02,0.02,0,0,0,0,0.1443,2,4,3.504844593336377,376.0095398527189,3685.529031718468,0.0988532482904189,0.00312313865383178,2128.9477370947334,10.7139,39.9564,5.54137,83.70293000000001,asia
336,7.666666667,0.0115,0.33,0.02,0.02,0.25,0.25,0.02,0.02,0,0,0,0,0.1443,2,4,3.504844593336377,376.0095398527189,3685.529031718468,0.0988532482904189,0.00312313865383178,2128.9477370947334,10.7139,39.9564,5.54137,83.70293000000001,asia
337,8.444444444,0.0115,0.33,0.02,0.02,0.25,0.25,0.02,0.02,0,0,0,0,0.1443,2,4,3.504844593336377,376.0095398527189,3685.529031718468,0.0988532482904189,0.00312313865383178,2128.9477370947334,10.7139,39.9564,5.54137,83.70293000000001,asia
338,9.222222222000001,0.0115,0.33,0.02,0.02,0.25,0.25,0.02,0.02,0,0,0,0,0.1443,2,4,3.504844593336377,376.0095398527189,3685.529031718468,0.0988532482904189,0.00312313865383178,2128.9477370947334,10.7139,39.9564,5.54137,83.70293000000001,asia
339,10.0,0.0115,0.33,0.02,0.02,0.25,0.25,0.02,0.02,0,0,0,0,0.1443,2,4,3.504844593336377,376.0095398527189,3685.529031718468,0.0988532482904189,0.00312313865383178,2128.9477370947334,10.7139,39.9564,5.54137,83.70293000000001,asia
340,3.0,0.015,0.33,0.02,0.02,0.25,0.25,0.02,0.02,0,0,0,0,0.1443,2,4,3.504844593336377,376.0095398527189,3685.529031718468,0.0988532482904189,0.00312313865383178,2128.9477370947334,10.7139,39.9564,5.54137,83.70293000000001,asia
341,3.777777778,0.015,0.33,0.02,0.02,0.25,0.25,0.02,0.02,0,0,0,0,0.1443,2,4,3.504844593336377,376.0095398527189,3685.529031718468,0.0988532482904189,0.00312313865383178,2128.9477370947334,10.7139,39.9564,5.54137,83.70293000000001,asia
342,4.555555556,0.015,0.33,0.02,0.02,0.25,0.25,0.02,0.02,0,0,0,0,0.1443,2,4,3.504844593336377,376.0095398527189,3685.529031718468,0.0988532482904189,0.00312313865383178,2128.9477370947334,10.7139,39.9564,5.54137,83.70293000000001,asia
343,5.333333333,0.015,0.33,0.02,0.02,0.25,0.25,0.02,0.02,0,0,0,0,0.1443,2,4,3.504844593336377,376.0095398527189,3685.529031718468,0.0988532482904189,0.00312313865383178,2128.9477370947334,10.7139,39.9564,5.54137,83.70293000000001,asia
344,6.1111111110000005,0.015,0.33,0.02,0.02,0.25,0.25,0.02,0.02,0,0,0,0,0.1443,2,4,3.504844593336377,376.0095398527189,3685.529031718468,0.0988532482904189,0.00312313865383178,2128.9477370947334,10.7139,39.9564,5.54137,83.70293000000001,asia
345,6.888888889,0.015,0.33,0.02,0.02,0.25,0.25,0.02,0.02,0,0,0,0,0.1443,2,4,3.504844593336377,376.0095398527189,3685.529031718468,0.0988532482904189,0.00312313865383178,2128.9477370947334,10.7139,39.9564,5.54137,83.70293000000001,asia
346,7.666666667,0.015,0.33,0.02,0.02,0.25,0.25,0.02,0.02,0,0,0,0,0.1443,2,4,3.504844593336377,376.0095398527189,3685.529031718468,0.0988532482904189,0.00312313865383178,2128.9477370947334,10.7139,39.9564,5.54137,83.70293000000001,asia
347,8.444444444,0.015,0.33,0.02,0.02,0.25,0.25,0.02,0.02,0,0,0,0,0.1443,2,4,3.504844593336377,376.0095398527189,3685.529031718468,0.0988532482904189,0.00312313865383178,2128.9477370947334,10.7139,39.9564,5.54137,83.70293000000001,asia
348,9.222222222000001,0.015,0.33,0.02,0.02,0.25,0.25,0.02,0.02,0,0,0,0,0.1443,2,4,3.504844593336377,376.0095398527189,3685.529031718468,0.0988532482904189,0.00312313865383178,2128.9477370947334,10.7139,39.9564,5.54137,83.70293000000001,asia
349,10.0,0.015,0.33,0.02,0.02,0.25,0.25,0.02,0.02,0,0,0,0,0.1443,2,4,3.504844593336377,376.0095398527189,3685.529031718468,0.0988532482904189,0.00312313865383178,2128.9477370947334,10.7139,39.9564,5.54137,83.70293000000001,asia
350,3.0,0.001,0.33,0.02,0.02,0.25,0.25,0.02,0.02,0,0,0,0,0.1443,2,4,3.504844593336377,376.0095398527189,3685.529031718468,0.0988532482904189,0.00312313865383178,2128.9477370947334,10.7139,39.9564,5.54137,83.70293000000001,asia
351,3.777777778,0.001,0.33,0.02,0.02,0.25,0.25,0.02,0.02,0,0,0,0,0.1443,2,4,3.504844593336377,376.0095398527189,3685.529031718468,0.0988532482904189,0.00312313865383178,2128.9477370947334,10.7139,39.9564,5.54137,83.70293000000001,asia
352,4.555555556,0.001,0.33,0.02,0.02,0.25,0.25,0.02,0.02,0,0,0,0,0.1443,2,4,3.504844593336377,376.0095398527189,3685.529031718468,0.0988532482904189,0.00312313865383178,2128.9477370947334,10.7139,39.9564,5.54137,83.70293000000001,asia
353,5.333333333,0.001,0.33,0.02,0.02,0.25,0.25,0.02,0.02,0,0,0,0,0.1443,2,4,3.504844593336377,376.0095398527189,3685.529031718468,0.0988532482904189,0.00312313865383178,2128.9477370947334,10.7139,39.9564,5.54137,83.70293000000001,asia
354,6.1111111110000005,0.001,0.33,0.02,0.02,0.25,0.25,0.02,0.02,0,0,0,0,0.1443,2,4,3.504844593336377,376.0095398527189,3685.529031718468,0.0988532482904189,0.00312313865383178,2128.9477370947334,10.7139,39.9564,5.54137,83.70293000000001,asia
355,6.888888889,0.001,0.33,0.02,0.02,0.25,0.25,0.02,0.02,0,0,0,0,0.1443,2,4,3.504844593336377,376.0095398527189,3685.529031718468,0.0988532482904189,0.00312313865383178,2128.9477370947334,10.7139,39.9564,5.54137,83.70293000000001,asia
356,7.666666667,0.001,0.33,0.02,0.02,0.25,0.25,0.02,0.02,0,0,0,0,0.1443,2,4,3.504844593336377,376.0095398527189,3685.529031718468,0.0988532482904189,0.00312313865383178,2128.9477370947334,10.7139,39.9564,5.54137,83.70293000000001,asia
357,8.444444444,0.001,0.33,0.02,0.02,0.25,0.25,0.02,0.02,0,0,0,0,0.1443,2,4,3.504844593336377,376.0095398527189,3685.529031718468,0.0988532482904189,0.00312313865383178,2128.9477370947334,10.7139,39.9564,5.54137,83.70293000000001,asia
358,9.222222222000001,0.001,0.33,0.02,0.02,0.25,0.25,0.02,0.02,0,0,0,0,0.1443,2,4,3.504844593336377,376.0095398527189,3685.529031718468,0.0988532482904189,0.00312313865383178,2128.9477370947334,10.7139,39.9564,5.54137,83.70293000000001,asia
359,10.0,0.001,0.33,0.02,0.02,0.25,0.25,0.02,0.02,0,0,0,0,0.1443,2,4,3.504844593336377,376.0095398527189,3685.529031718468,0.0988532482904189,0.00312313865383178,2128.9477370947334,10.7139,39.9564,5.54137,83.70293000000001,asia
360,3.0,0.0045,0.33,0.02,0.02,0.25,0.25,0.02,0.02,0,0,0,0,0.1443,2,4,3.504844593336377,376.0095398527189,3685.529031718468,0.0988532482904189,0.00312313865383178,2128.9477370947334,10.7139,39.9564,5.54137,83.70293000000001,asia
361,3.777777778,0.0045,0.33,0.02,0.02,0.25,0.25,0.02,0.02,0,0,0,0,0.1443,2,4,3.504844593336377,376.0095398527189,3685.529031718468,0.0988532482904189,0.00312313865383178,2128.9477370947334,10.7139,39.9564,5.54137,83.70293000000001,asia
362,4.555555556,0.0045,0.33,0.02,0.02,0.25,0.25,0.02,0.02,0,0,0,0,0.1443,2,4,3.504844593336377,376.0095398527189,3685.529031718468,0.0988532482904189,0.00312313865383178,2128.9477370947334,10.7139,39.9564,5.54137,83.70293000000001,asia
363,5.333333333,0.0045,0.33,0.02,0.02,0.25,0.25,0.02,0.02,0,0,0,0,0.1443,2,4,3.504844593336377,376.0095398527189,3685.529031718468,0.0988532482904189,0.00312313865383178,2128.9477370947334,10.7139,39.9564,5.54137,83.70293000000001,asia
364,6.1111111110000005,0.0045,0.33,0.02,0.02,0.25,0.25,0.02,0.02,0,0,0,0,0.1443,2,4,3.504844593336377,376.0095398527189,3685.529031718468,0.0988532482904189,0.00312313865383178,2128.9477370947334,10.7139,39.9564,5.54137,83.70293000000001,asia
365,6.888888889,0.0045,0.33,0.02,0.02,0.25,0.25,0.02,0.02,0,0,0,0,0.1443,2,4,3.504844593336377,376.0095398527189,3685.529031718468,0.0988532482904189,0.00312313865383178,2128.9477370947334,10.7139,39.9564,5.54137,83.70293000000001,asia
366,7.666666667,0.0045,0.33,0.02,0.02,0.25,0.25,0.02,0.02,0,0,0,0,0.1443,2,4,3.504844593336377,376.0095398527189,3685.529031718468,0.0988532482904189,0.00312313865383178,2128.9477370947334,10.7139,39.9564,5.54137,83.70293000000001,asia
367,8.444444444,0.0045,0.33,0.02,0.02,0.25,0.25,0.02,0.02,0,0,0,0,0.1443,2,4,3.504844593336377,376.0095398527189,3685.529031718468,0.0988532482904189,0.00312313865383178,2128.9477370947334,10.7139,39.9564,5.54137,83.70293000000001,asia
368,9.222222222000001,0.0045,0.33,0.02,0.02,0.25,0.25,0.02,0.02,0,0,0,0,0.1443,2,4,3.504844593336377,376.0095398527189,3685.529031718468,0.0988532482904189,0.00312313865383178,2128.9477370947334,10.7139,39.9564,5.54137,83.70293000000001,asia
369,10.0,0.0045,0.33,0.02,0.02,0.25,0.25,0.02,0.02,0,0,0,0,0.1443,2,4,3.504844593336377,376.0095398527189,3685.529031718468,0.0988532482904189,0.00312313865383178,2128.9477370947334,10.7139,39.9564,5.54137,83.70293000000001,asia
370,3.0,0.008,0.33,0.02,0.02,0.25,0.25,0.02,0.02,0,0,0,0,0.1443,2,4,3.504844593336377,376.0095398527189,3685.529031718468,0.0988532482904189,0.00312313865383178,2128.9477370947334,10.7139,39.9564,5.54137,83.70293000000001,asia
371,3.777777778,0.008,0.33,0.02,0.02,0.25,0.25,0.02,0.02,0,0,0,0,0.1443,2,4,3.504844593336377,376.0095398527189,3685.529031718468,0.0988532482904189,0.00312313865383178,2128.9477370947334,10.7139,39.9564,5.54137,83.70293000000001,asia
372,4.555555556,0.008,0.33,0.02,0.02,0.25,0.25,0.02,0.02,0,0,0,0,0.1443,2,4,3.504844593336377,376.0095398527189,3685.529031718468,0.0988532482904189,0.00312313865383178,2128.9477370947334,10.7139,39.9564,5.54137,83.70293000000001,asia
373,5.333333333,0.008,0.33,0.02,0.02,0.25,0.25,0.02,0.02,0,0,0,0,0.1443,2,4,3.504844593336377,376.0095398527189,3685.529031718468,0.0988532482904189,0.00312313865383178,2128.9477370947334,10.7139,39.9564,5.54137,83.70293000000001,asia
374,6.1111111110000005,0.008,0.33,0.02,0.02,0.25,0.25,0.02,0.02,0,0,0,0,0.1443,2,4,3.504844593336377,376.0095398527189,3685.529031718468,0.0988532482904189,0.00312313865383178,2128.9477370947334,10.7139,39.9564,5.54137,83.70293000000001,asia
375,6.888888889,0.008,0.33,0.02,0.02,0.25,0.25,0.02,0.02,0,0,0,0,0.1443,2,4,3.504844593336377,376.0095398527189,3685.529031718468,0.0988532482904189,0.00312313865383178,2128.9477370947334,10.7139,39.9564,5.54137,83.70293000000001,asia
376,7.666666667,0.008,0.33,0.02,0.02,0.25,0.25,0.02,0.02,0,0,0,0,0.1443,2,4,3.504844593336377,376.0095398527189,3685.529031718468,0.0988532482904189,0.00312313865383178,2128.9477370947334,10.7139,39.9564,5.54137,83.70293000000001,asia
377,8.444444444,0.008,0.33,0.02,0.02,0.25,0.25,0.02,0.02,0,0,0,0,0.1443,2,4,3.504844593336377,376.0095398527189,3685.529031718468,0.0988532482904189,0.00312313865383178,2128.9477370947334,10.7139,39.9564,5.54137,83.70293000000001,asia
378,9.222222222000001,0.008,0.33,0.02,0.02,0.25,0.25,0.02,0.02,0,0,0,0,0.1443,2,4,3.504844593336377,376.0095398527189,3685.529031718468,0.0988532482904189,0.00312313865383178,2128.9477370947334,10.7139,39.9564,5.54137,83.70293000000001,asia
379,10.0,0.008,0.33,0.02,0.02,0.25,0.25,0.02,0.02,0,0,0,0,0.1443,2,4,3.504844593336377,376.0095398527189,3685.529031718468,0.0988532482904189,0.00312313865383178,2128.9477370947334,10.7139,39.9564,5.54137,83.70293000000001,asia
380,3.0,0.0115,0.33,0.02,0.02,0.25,0.25,0.02,0.02,0,0,0,0,0.1443,2,4,3.504844593336377,376.0095398527189,3685.529031718468,0.0988532482904189,0.00312313865383178,2128.9477370947334,10.7139,39.9564,5.54137,83.70293000000001,asia
381,3.777777778,0.0115,0.33,0.02,0.02,0.25,0.25,0.02,0.02,0,0,0,0,0.1443,2,4,3.504844593336377,376.0095398527189,3685.529031718468,0.0988532482904189,0.00312313865383178,2128.9477370947334,10.7139,39.9564,5.54137,83.70293000000001,asia
382,4.555555556,0.0115,0.33,0.02,0.02,0.25,0.25,0.02,0.02,0,0,0,0,0.1443,2,4,3.504844593336377,376.0095398527189,3685.529031718468,0.0988532482904189,0.00312313865383178,2128.9477370947334,10.7139,39.9564,5.54137,83.70293000000001,asia
383,5.333333333,0.0115,0.33,0.02,0.02,0.25,0.25,0.02,0.02,0,0,0,0,0.1443,2,4,3.504844593336377,376.0095398527189,3685.529031718468,0.0988532482904189,0.00312313865383178,2128.9477370947334,10.7139,39.9564,5.54137,83.70293000000001,asia
384,6.1111111110000005,0.0115,0.33,0.02,0.02,0.25,0.25,0.02,0.02,0,0,0,0,0.1443,2,4,3.504844593336377,376.0095398527189,3685.529031718468,0.0988532482904189,0.00312313865383178,2128.9477370947334,10.7139,39.9564,5.54137,83.70293000000001,asia
385,6.888888889,0.0115,0.33,0.02,0.02,0.25,0.25,0.02,0.02,0,0,0,0,0.1443,2,4,3.504844593336377,376.0095398527189,3685.529031718468,0.0988532482904189,0.00312313865383178,2128.9477370947334,10.7139,39.9564,5.54137,83.70293000000001,asia
386,7.666666667,0.0115,0.33,0.02,0.02,0.25,0.25,0.02,0.02,0,0,0,0,0.1443,2,4,3.504844593336377,376.0095398527189,3685.529031718468,0.0988532482904189,0.00312313865383178,2128.9477370947334,10.7139,39.9564,5.54137,83.70293000000001,asia
387,8.444444444,0.0115,0.33,0.02,0.02,0.25,0.25,0.02,0.02,0,0,0,0,0.1443,2,4,3.504844593336377,376.0095398527189,3685.529031718468,0.0988532482904189,0.00312313865383178,2128.9477370947334,10.7139,39.9564,5.54137,83.70293000000001,asia
388,9.222222222000001,0.0115,0.33,0.02,0.02,0.25,0.25,0.02,0.02,0,0,0,0,0.1443,2,4,3.504844593336377,376.0095398527189,3685.529031718468,0.0988532482904189,0.00312313865383178,2128.9477370947334,10.7139,39.9564,5.54137,83.70293000000001,asia
389,10.0,0.0115,0.33,0.02,0.02,0.25,0.25,0.02,0.02,0,0,0,0,0.1443,2,4,3.504844593336377,376.0095398527189,3685.529031718468,0.0988532482904189,0.00312313865383178,2128.9477370947334,10.7139,39.9564,5.54137,83.70293000000001,asia
390,3.0,0.015,0.33,0.02,0.02,0.25,0.25,0.02,0.02,0,0,0,0,0.1443,2,4,3.504844593336377,376.0095398527189,3685.529031718468,0.0988532482904189,0.00312313865383178,2128.9477370947334,10.7139,39.9564,5.54137,83.70293000000001,asia
391,3.777777778,0.015,0.33,0.02,0.02,0.25,0.25,0.02,0.02,0,0,0,0,0.1443,2,4,3.504844593336377,376.0095398527189,3685.529031718468,0.0988532482904189,0.00312313865383178,2128.9477370947334,10.7139,39.9564,5.54137,83.70293000000001,asia
392,4.555555556,0.015,0.33,0.02,0.02,0.25,0.25,0.02,0.02,0,0,0,0,0.1443,2,4,3.504844593336377,376.0095398527189,3685.529031718468,0.0988532482904189,0.00312313865383178,2128.9477370947334,10.7139,39.9564,5.54137,83.70293000000001,asia
393,5.333333333,0.015,0.33,0.02,0.02,0.25,0.25,0.02,0.02,0,0,0,0,0.1443,2,4,3.504844593336377,376.0095398527189,3685.529031718468,0.0988532482904189,0.00312313865383178,2128.9477370947334,10.7139,39.9564,5.54137,83.70293000000001,asia
394,6.1111111110000005,0.015,0.33,0.02,0.02,0.25,0.25,0.02,0.02,0,0,0,0,0.1443,2,4,3.504844593336377,376.0095398527189,3685.529031718468,0.0988532482904189,0.00312313865383178,2128.9477370947334,10.7139,39.9564,5.54137,83.70293000000001,asia
395,6.888888889,0.015,0.33,0.02,0.02,0.25,0.25,0.02,0.02,0,0,0,0,0.1443,2,4,3.504844593336377,376.0095398527189,3685.529031718468,0.0988532482904189,0.00312313865383178,2128.9477370947334,10.7139,39.9564,5.54137,83.70293000000001,asia
396,7.666666667,0.015,0.33,0.02,0.02,0.25,0.25,0.02,0.02,0,0,0,0,0.1443,2,4,3.504844593336377,376.0095398527189,3685.529031718468,0.0988532482904189,0.00312313865383178,2128.9477370947334,10.7139,39.9564,5.54137,83.70293000000001,asia
397,8.444444444,0.015,0.33,0.02,0.02,0.25,0.25,0.02,0.02,0,0,0,0,0.1443,2,4,3.504844593336377,376.0095398527189,3685.529031718468,0.0988532482904189,0.00312313865383178,2128.9477370947334,10.7139,39.9564,5.54137,83.70293000000001,asia
398,9.222222222000001,0.015,0.33,0.02,0.02,0.25,0.25,0.02,0.02,0,0,0,0,0.1443,2,4,3.504844593336377,376.0095398527189,3685.529031718468,0.0988532482904189,0.00312313865383178,2128.9477370947334,10.7139,39.9564,5.54137,83.70293000000001,asia
399,10.0,0.015,0.33,0.02,0.02,0.25,0.25,0.02,0.02,0,0,0,0,0.1443,2,4,3.504844593336377,376.0095398527189,3685.529031718468,0.0988532482904189,0.00312313865383178,2128.9477370947334,10.7139,39.9564,5.54137,83.70293000000001,asia
